id,valor,categoria,regiao,data_str
1,274.40,Varejo,Centro-Oeste,2022-05-14
2,15845.60,Industria,Sul,2024-08-19
3,6280.10,Industria,Norte,2024-02-02
4,11307.10,Tecnologia,Centro-Oeste,2022-10-21
5,14042.69,Industria,Sudeste,2024-07-11
6,5093.45,Agronegocio,Centro-Oeste,2024-03-08
7,1679.49,Servicos,Sudeste,2022-06-10
8,1928.32,Servicos,Nordeste,2024-07-12
9,11994.50,Tecnologia,Centro-Oeste,2024-07-14
10,7388.37,Industria,Norte,2024-01-22
11,364.47,Varejo,Nordeste,2022-08-20
12,5907.23,Industria,Sul,2024-07-09
13,673.15,Varejo,Norte,2023-01-01
14,8461.55,Industria,Norte,2023-05-04
15,332.41,Varejo,Norte,2022-04-22
16,274.00,Varejo,Norte,2024-04-09
17,7720.11,Agronegocio,Norte,2022-12-17
18,1540.70,Servicos,Sul,2023-08-10
19,7701.58,Agronegocio,Centro-Oeste,2022-02-23
20,4127.95,Tecnologia,Nordeste,2022-08-19
21,2335.01,Agronegocio,Sul,2023-08-14
22,8625.52,Tecnologia,Sul,2022-12-09
23,7801.13,Industria,Norte,2023-10-06
24,538.00,Varejo,Nordeste,2024-05-12
25,861.47,Servicos,Sul,2024-12-22
26,4501.17,Agronegocio,Norte,2023-10-08
27,6834.96,Tecnologia,Centro-Oeste,2022-01-20
28,11429.62,Industria,Sul,2024-03-08
29,1875.73,Servicos,Norte,2024-01-14
30,1718.67,Servicos,Sudeste,2023-08-15
31,7033.18,Agronegocio,Norte,2023-09-23
32,3279.72,Agronegocio,Centro-Oeste,2022-05-04
33,1088.09,Servicos,Centro-Oeste,2023-11-08
34,6073.64,Agronegocio,Centro-Oeste,2024-05-17
35,13476.67,Industria,Sul,2024-08-22
36,6925.53,Agronegocio,Norte,2022-03-16
37,1922.40,Servicos,Nordeste,2023-06-10
38,7283.20,Agronegocio,Centro-Oeste,2022-07-05
39,5256.54,Tecnologia,Sul,2024-09-11
40,343.61,Varejo,Centro-Oeste,2022-08-16
41,6777.15,Tecnologia,Centro-Oeste,2022-05-01
42,10050.30,Tecnologia,Norte,2022-02-06
43,625.43,Varejo,Norte,2022-12-08
44,1345.53,Servicos,Sudeste,2022-11-13
45,5318.29,Agronegocio,Nordeste,2024-03-13
46,504.48,Varejo,Sudeste,2024-06-09
47,1728.88,Servicos,Norte,2022-07-07
48,835.58,Varejo,Centro-Oeste,2022-09-04
49,5084.76,Industria,Norte,2024-07-24
50,2029.87,Servicos,Centro-Oeste,2022-04-20
51,306.27,Varejo,Norte,2022-01-11
52,4742.59,Agronegocio,Nordeste,2022-09-05
53,7990.14,Agronegocio,Sudeste,2024-10-18
54,397.35,Varejo,Norte,2024-02-13
55,2149.89,Servicos,Centro-Oeste,2024-06-10
56,1904.10,Servicos,Nordeste,2022-03-27
57,972.61,Servicos,Sul,2022-07-05
58,7948.44,Agronegocio,Sul,2024-06-19
59,2970.83,Agronegocio,Nordeste,2024-10-14
60,1182.53,Servicos,Sudeste,2023-10-26
61,278.37,Varejo,Nordeste,2022-09-12
62,4792.77,Agronegocio,Sudeste,2024-07-23
63,10040.33,Industria,Norte,2023-03-11
64,7931.52,Tecnologia,Norte,2022-02-15
65,335.37,Varejo,Norte,2022-01-06
66,7776.83,Tecnologia,Sudeste,2023-08-27
67,10356.28,Industria,Nordeste,2023-10-23
68,5259.12,Industria,Norte,2024-10-23
69,12552.22,Industria,Nordeste,2023-04-02
70,5977.83,Agronegocio,Nordeste,2024-07-16
71,473.64,Varejo,Sul,2024-01-03
72,1073.12,Servicos,Norte,2023-09-06
73,6588.13,Tecnologia,Sudeste,2024-08-03
74,826.87,Varejo,Sul,2023-01-07
75,6347.92,Agronegocio,Norte,2023-02-21
76,1553.95,Servicos,Nordeste,2023-06-27
77,1984.28,Servicos,Sul,2022-02-19
78,657.27,Servicos,Sul,2022-02-16
79,950.95,Servicos,Sul,2023-02-18
80,4283.52,Agronegocio,Norte,2022-12-14
81,5740.07,Tecnologia,Sul,2024-09-12
82,14736.90,Industria,Centro-Oeste,2024-12-13
83,1749.40,Servicos,Nordeste,2022-01-08
84,6434.29,Industria,Sul,2024-11-27
85,5809.41,Industria,Sudeste,2024-09-14
86,4861.51,Agronegocio,Nordeste,2022-06-26
87,10415.06,Industria,Nordeste,2022-06-20
88,6806.64,Tecnologia,Norte,2024-11-21
89,2011.15,Servicos,Centro-Oeste,2022-10-21
90,975.21,Varejo,Sul,2023-04-19
91,2206.57,Servicos,Norte,2023-05-16
92,10908.79,Tecnologia,Nordeste,2023-10-09
93,2867.79,Agronegocio,Sudeste,2024-12-22
94,4332.86,Industria,Sudeste,2023-01-11
95,378.31,Varejo,Nordeste,2022-10-05
96,9190.42,Tecnologia,Nordeste,2023-10-24
97,345.45,Varejo,Nordeste,2023-01-05
98,2144.07,Servicos,Sudeste,2022-11-14
99,1174.05,Servicos,Nordeste,2023-12-19
100,868.31,Varejo,Norte,2023-07-17
101,8464.87,Tecnologia,Sul,2022-02-01
102,5202.77,Agronegocio,Sudeste,2024-12-03
103,1896.38,Servicos,Nordeste,2024-04-18
104,1517.03,Servicos,Centro-Oeste,2024-05-14
105,1265.58,Servicos,Centro-Oeste,2024-10-19
106,1980.45,Servicos,Centro-Oeste,2024-11-17
107,361.93,Varejo,Sudeste,2024-11-24
108,3260.79,Agronegocio,Centro-Oeste,2022-12-10
109,5629.64,Tecnologia,Centro-Oeste,2022-08-03
110,704.29,Varejo,Norte,2022-04-24
111,4753.51,Agronegocio,Norte,2023-12-07
112,1468.95,Servicos,Norte,2024-06-26
113,8159.44,Tecnologia,Sudeste,2022-10-10
114,1585.78,Servicos,Nordeste,2024-06-15
115,5847.68,Tecnologia,Sul,2024-03-03
116,1189.82,Servicos,Sudeste,2023-04-09
117,5906.35,Tecnologia,Sudeste,2022-09-18
118,6304.18,Agronegocio,Centro-Oeste,2022-06-21
119,14159.50,Industria,Sudeste,2023-12-22
120,5221.87,Agronegocio,Sudeste,2023-01-05
121,982.31,Varejo,Nordeste,2024-03-12
122,490.35,Varejo,Centro-Oeste,2023-07-04
123,1499.88,Servicos,Norte,2022-04-08
124,12100.20,Industria,Sudeste,2024-05-24
125,1683.01,Servicos,Norte,2023-09-20
126,2317.00,Agronegocio,Nordeste,2023-03-15
127,299.46,Varejo,Nordeste,2023-07-14
128,814.32,Varejo,Nordeste,2023-05-11
129,7744.43,Agronegocio,Norte,2024-12-06
130,4946.86,Agronegocio,Norte,2022-08-11
131,2123.60,Agronegocio,Sul,2023-06-16
132,7714.67,Industria,Norte,2023-01-04
133,477.15,Varejo,Nordeste,2024-01-01
134,7080.44,Industria,Nordeste,2022-07-22
135,11439.00,Tecnologia,Sudeste,2023-02-15
136,2133.99,Servicos,Sudeste,2022-03-19
137,10899.17,Tecnologia,Centro-Oeste,2023-02-28
138,432.59,Varejo,Centro-Oeste,2024-08-22
139,567.22,Varejo,Sul,2022-07-08
140,2030.78,Servicos,Nordeste,2024-01-13
141,14018.89,Industria,Sul,2022-03-07
142,6507.14,Agronegocio,Norte,2022-08-28
143,1285.86,Servicos,Sul,2024-06-03
144,4653.96,Industria,Nordeste,2024-04-24
145,11399.65,Industria,Centro-Oeste,2024-11-15
146,9968.79,Tecnologia,Sul,2022-02-14
147,792.17,Varejo,Nordeste,2023-02-03
148,14592.52,Industria,Norte,2022-08-19
149,2111.47,Servicos,Centro-Oeste,2023-02-17
150,7811.57,Agronegocio,Nordeste,2022-05-19
151,3422.66,Agronegocio,Sudeste,2023-02-17
152,4853.38,Industria,Centro-Oeste,2022-08-24
153,7233.40,Tecnologia,Norte,2022-07-08
154,2964.98,Agronegocio,Sudeste,2024-07-18
155,10063.61,Industria,Sudeste,2022-08-06
156,2925.57,Agronegocio,Nordeste,2024-08-10
157,4444.75,Industria,Centro-Oeste,2022-11-22
158,1478.39,Servicos,Nordeste,2023-05-26
159,5748.95,Industria,Sudeste,2023-10-19
160,9415.72,Tecnologia,Sul,2024-03-23
161,15810.92,Industria,Centro-Oeste,2024-02-24
162,4184.72,Agronegocio,Nordeste,2022-02-27
163,293.36,Varejo,Sudeste,2022-06-02
164,2920.67,Agronegocio,Norte,2024-03-28
165,602.47,Varejo,Norte,2024-06-15
166,6251.41,Tecnologia,Centro-Oeste,2022-07-24
167,913.78,Varejo,Sul,2022-04-20
168,11717.34,Tecnologia,Centro-Oeste,2024-05-05
169,8488.82,Industria,Norte,2024-09-15
170,4255.62,Agronegocio,Norte,2023-12-18
171,11160.96,Tecnologia,Sudeste,2022-05-20
172,10950.22,Industria,Sudeste,2024-03-12
173,11527.48,Tecnologia,Sul,2024-09-09
174,8709.22,Tecnologia,Centro-Oeste,2023-12-07
175,1578.90,Servicos,Nordeste,2022-08-20
176,4171.57,Industria,Centro-Oeste,2024-08-07
177,8834.48,Tecnologia,Sul,2024-11-05
178,4306.09,Tecnologia,Sul,2024-10-26
179,15279.36,Industria,Nordeste,2022-09-15
180,5934.63,Tecnologia,Sudeste,2023-09-04
181,498.51,Varejo,Norte,2023-07-27
182,5642.02,Tecnologia,Norte,2024-07-04
183,4422.36,Industria,Sul,2024-04-27
184,339.91,Varejo,Sudeste,2023-07-12
185,15475.08,Industria,Norte,2022-10-01
186,7252.34,Tecnologia,Nordeste,2024-07-10
187,438.18,Varejo,Norte,2024-01-14
188,5402.06,Tecnologia,Nordeste,2023-06-27
189,837.24,Varejo,Centro-Oeste,2024-07-18
190,12867.83,Industria,Norte,2023-03-12
191,839.51,Varejo,Norte,2022-03-11
192,1931.24,Servicos,Norte,2023-06-13
193,307.08,Varejo,Nordeste,2024-01-14
194,5826.81,Agronegocio,Sul,2024-06-17
195,2783.82,Agronegocio,Norte,2022-08-14
196,1489.00,Servicos,Nordeste,2022-08-11
197,7185.35,Industria,Nordeste,2022-05-06
198,10334.58,Tecnologia,Norte,2023-05-14
199,7783.35,Agronegocio,Centro-Oeste,2022-07-03
200,3934.17,Agronegocio,Norte,2024-03-15
201,1737.29,Servicos,Centro-Oeste,2022-08-12
202,12026.12,Industria,Sudeste,2022-12-07
203,1016.55,Servicos,Centro-Oeste,2024-08-11
204,3724.95,Tecnologia,Sul,2024-10-21
205,1684.40,Servicos,Sudeste,2022-11-01
206,325.58,Varejo,Centro-Oeste,2024-03-23
207,13370.35,Industria,Nordeste,2022-03-02
208,894.97,Varejo,Sudeste,2023-12-12
209,5068.18,Agronegocio,Norte,2024-06-25
210,9178.46,Tecnologia,Sudeste,2023-05-25
211,7459.22,Industria,Norte,2023-05-23
212,1888.26,Servicos,Sul,2022-07-02
213,1603.88,Servicos,Sudeste,2024-05-28
214,525.04,Varejo,Norte,2024-07-24
215,422.51,Varejo,Sul,2022-07-23
216,1973.10,Servicos,Sudeste,2023-05-08
217,7157.18,Industria,Norte,2023-11-03
218,3390.05,Tecnologia,Norte,2024-10-18
219,784.58,Servicos,Sudeste,2023-07-04
220,8180.21,Industria,Nordeste,2022-01-09
221,5855.33,Tecnologia,Sul,2023-11-14
222,14100.89,Industria,Norte,2022-11-18
223,7054.91,Industria,Centro-Oeste,2024-12-09
224,912.13,Servicos,Sul,2024-05-04
225,5512.22,Agronegocio,Nordeste,2022-09-20
226,13711.79,Industria,Sul,2023-06-28
227,14354.40,Industria,Sudeste,2024-09-19
228,3145.57,Tecnologia,Nordeste,2024-11-15
229,4276.11,Industria,Norte,2024-02-02
230,8038.59,Tecnologia,Sul,2024-03-27
231,1215.35,Servicos,Nordeste,2023-10-11
232,4019.40,Agronegocio,Sudeste,2024-08-13
233,823.09,Varejo,Centro-Oeste,2024-06-27
234,7297.91,Tecnologia,Norte,2024-06-18
235,8525.42,Tecnologia,Centro-Oeste,2023-11-19
236,364.08,Varejo,Sudeste,2024-02-06
237,974.70,Varejo,Centro-Oeste,2023-02-05
238,4106.68,Industria,Norte,2023-02-07
239,1599.75,Servicos,Sudeste,2022-07-21
240,3132.18,Tecnologia,Sul,2024-09-14
241,7667.69,Agronegocio,Sudeste,2022-12-15
242,1788.14,Servicos,Norte,2024-06-19
243,15757.30,Industria,Sudeste,2024-03-15
244,8061.90,Tecnologia,Sul,2023-12-18
245,1064.34,Servicos,Centro-Oeste,2024-02-15
246,847.19,Servicos,Norte,2023-11-11
247,485.06,Varejo,Nordeste,2024-02-17
248,3892.25,Agronegocio,Nordeste,2024-04-23
249,9396.65,Tecnologia,Nordeste,2023-09-17
250,5341.27,Industria,Centro-Oeste,2024-04-22
251,411.21,Varejo,Sul,2024-10-27
252,10122.90,Tecnologia,Centro-Oeste,2024-01-10
253,10462.88,Tecnologia,Centro-Oeste,2022-04-21
254,1660.81,Servicos,Norte,2023-09-10
255,5150.79,Tecnologia,Sul,2022-01-10
256,4738.95,Tecnologia,Centro-Oeste,2023-12-16
257,5083.94,Agronegocio,Norte,2022-09-14
258,8437.83,Tecnologia,Centro-Oeste,2022-05-20
259,1810.88,Servicos,Sudeste,2024-12-16
260,2790.80,Agronegocio,Sudeste,2022-06-23
261,8755.54,Tecnologia,Sudeste,2023-07-05
262,984.30,Varejo,Nordeste,2023-08-26
263,5504.12,Industria,Nordeste,2024-03-05
264,2261.69,Servicos,Nordeste,2023-08-05
265,932.32,Varejo,Norte,2022-11-18
266,796.37,Varejo,Norte,2024-10-19
267,2132.45,Servicos,Sudeste,2023-06-26
268,15237.55,Industria,Sudeste,2023-01-07
269,10029.88,Tecnologia,Centro-Oeste,2024-05-10
270,11842.86,Tecnologia,Sudeste,2022-02-01
271,517.11,Varejo,Nordeste,2022-07-07
272,1623.66,Servicos,Nordeste,2024-03-20
273,423.81,Varejo,Centro-Oeste,2024-06-08
274,540.16,Varejo,Nordeste,2022-09-10
275,693.58,Servicos,Nordeste,2024-01-07
276,6180.71,Tecnologia,Nordeste,2023-11-21
277,1639.71,Servicos,Centro-Oeste,2024-10-12
278,1035.62,Servicos,Nordeste,2023-07-07
279,3902.21,Agronegocio,Sudeste,2024-03-23
280,2774.97,Agronegocio,Sul,2022-12-21
281,2008.79,Servicos,Norte,2022-01-03
282,10388.67,Tecnologia,Sul,2023-11-10
283,4433.73,Tecnologia,Norte,2022-12-19
284,4364.91,Agronegocio,Norte,2022-11-14
285,343.15,Varejo,Sul,2024-09-05
286,5816.98,Agronegocio,Sul,2022-04-08
287,1024.41,Servicos,Sul,2023-03-10
288,3312.66,Tecnologia,Sudeste,2022-01-20
289,953.11,Varejo,Nordeste,2023-02-13
290,2375.62,Servicos,Centro-Oeste,2022-08-25
291,6702.32,Industria,Norte,2024-03-13
292,2638.88,Agronegocio,Sudeste,2024-06-18
293,8122.15,Tecnologia,Norte,2022-05-12
294,7570.12,Tecnologia,Sudeste,2022-07-02
295,5182.03,Tecnologia,Nordeste,2023-01-09
296,982.39,Servicos,Nordeste,2023-11-03
297,15598.15,Industria,Sul,2024-02-20
298,5585.03,Agronegocio,Sul,2024-07-02
299,7558.45,Industria,Sul,2022-12-07
300,878.93,Servicos,Norte,2022-12-08
301,1213.96,Servicos,Nordeste,2024-01-02
302,10345.31,Tecnologia,Centro-Oeste,2024-10-28
303,817.78,Varejo,Sul,2023-08-28
304,709.62,Varejo,Norte,2023-05-17
305,1710.89,Servicos,Sul,2022-04-08
306,722.25,Servicos,Sudeste,2022-10-18
307,9510.75,Tecnologia,Sudeste,2023-04-05
308,5541.57,Agronegocio,Sudeste,2024-03-02
309,8655.83,Tecnologia,Sudeste,2022-09-14
310,1518.68,Servicos,Nordeste,2023-07-22
311,2642.88,Agronegocio,Norte,2023-04-03
312,760.08,Varejo,Centro-Oeste,2023-04-11
313,7112.29,Agronegocio,Centro-Oeste,2023-10-03
314,10171.62,Tecnologia,Norte,2023-04-07
315,7830.21,Agronegocio,Sul,2024-05-20
316,7517.16,Agronegocio,Norte,2024-07-08
317,807.00,Varejo,Nordeste,2023-11-20
318,6358.41,Tecnologia,Centro-Oeste,2023-09-13
319,2028.49,Servicos,Norte,2024-08-15
320,13921.54,Industria,Norte,2022-04-02
321,13758.01,Industria,Nordeste,2022-10-16
322,1056.29,Servicos,Nordeste,2022-04-07
323,11572.34,Industria,Nordeste,2024-06-09
324,8790.58,Tecnologia,Centro-Oeste,2023-05-15
325,6257.12,Industria,Sudeste,2022-11-03
326,915.22,Varejo,Centro-Oeste,2022-04-27
327,13467.52,Industria,Sudeste,2022-05-14
328,6125.42,Agronegocio,Nordeste,2022-10-07
329,918.72,Varejo,Centro-Oeste,2024-03-20
330,2459.39,Agronegocio,Nordeste,2024-10-21
331,4101.86,Tecnologia,Norte,2022-01-19
332,1878.34,Servicos,Sul,2024-10-02
333,8476.71,Tecnologia,Sul,2022-07-06
334,5773.51,Tecnologia,Sul,2022-05-01
335,1617.47,Servicos,Norte,2024-10-11
336,1365.00,Servicos,Norte,2022-05-11
337,9750.01,Tecnologia,Norte,2022-07-07
338,4315.18,Agronegocio,Sul,2022-07-05
339,4370.64,Agronegocio,Nordeste,2023-02-19
340,9641.36,Tecnologia,Sul,2024-08-04
341,1977.27,Servicos,Centro-Oeste,2024-09-27
342,9189.70,Industria,Nordeste,2024-04-12
343,1772.40,Servicos,Sudeste,2024-07-22
344,6834.69,Agronegocio,Sudeste,2024-02-04
345,864.41,Varejo,Sul,2022-05-01
346,6187.02,Agronegocio,Nordeste,2024-08-01
347,12089.94,Industria,Norte,2024-09-14
348,432.11,Varejo,Nordeste,2023-03-22
349,2794.94,Agronegocio,Norte,2023-01-17
350,774.86,Servicos,Nordeste,2024-07-26
351,818.29,Varejo,Nordeste,2023-05-04
352,355.81,Varejo,Sudeste,2023-08-05
353,426.10,Varejo,Sul,2024-02-08
354,9359.70,Tecnologia,Norte,2024-01-01
355,4697.28,Industria,Sul,2022-03-11
356,967.08,Varejo,Centro-Oeste,2023-06-08
357,2118.60,Servicos,Centro-Oeste,2022-05-26
358,4525.45,Agronegocio,Sul,2023-04-05
359,12326.28,Industria,Norte,2022-01-18
360,3452.28,Tecnologia,Centro-Oeste,2022-07-18
361,2438.13,Agronegocio,Sudeste,2023-04-24
362,3264.03,Agronegocio,Sul,2022-09-15
363,691.82,Servicos,Sudeste,2022-05-28
364,11517.36,Industria,Centro-Oeste,2024-02-11
365,663.63,Varejo,Sul,2023-12-12
366,7139.13,Tecnologia,Centro-Oeste,2023-09-22
367,762.91,Servicos,Sul,2022-03-24
368,3976.79,Tecnologia,Centro-Oeste,2023-01-11
369,1028.97,Servicos,Sudeste,2023-06-16
370,11186.45,Tecnologia,Sul,2024-02-05
371,636.13,Varejo,Centro-Oeste,2024-07-02
372,9125.96,Tecnologia,Nordeste,2022-10-25
373,7905.65,Tecnologia,Nordeste,2022-02-01
374,3529.41,Tecnologia,Nordeste,2022-10-20
375,6482.19,Tecnologia,Nordeste,2023-04-07
376,3074.21,Agronegocio,Sudeste,2023-04-15
377,2785.18,Agronegocio,Norte,2023-03-08
378,2644.09,Agronegocio,Centro-Oeste,2023-02-01
379,2792.40,Agronegocio,Sul,2024-03-22
380,8367.38,Industria,Sul,2022-04-13
381,701.10,Varejo,Centro-Oeste,2024-05-13
382,7714.93,Agronegocio,Norte,2022-05-26
383,8034.11,Tecnologia,Norte,2023-02-06
384,9449.42,Industria,Norte,2024-09-25
385,3721.79,Agronegocio,Nordeste,2022-03-19
386,2260.15,Servicos,Sudeste,2022-11-26
387,1240.79,Servicos,Sudeste,2022-10-10
388,5657.74,Industria,Norte,2023-04-23
389,3465.91,Agronegocio,Centro-Oeste,2023-01-05
390,7013.11,Tecnologia,Centro-Oeste,2023-11-12
391,647.13,Varejo,Norte,2022-05-24
392,575.86,Varejo,Sul,2024-09-15
393,6025.68,Tecnologia,Nordeste,2022-01-19
394,6123.07,Tecnologia,Norte,2024-03-03
395,11258.06,Industria,Sul,2024-04-17
396,4068.06,Agronegocio,Centro-Oeste,2023-05-17
397,1436.24,Servicos,Sudeste,2024-04-10
398,4285.15,Tecnologia,Nordeste,2022-01-07
399,6158.32,Industria,Sudeste,2024-08-03
400,10499.88,Tecnologia,Norte,2022-08-24
401,10941.16,Tecnologia,Sudeste,2024-02-09
402,294.60,Varejo,Sul,2022-05-23
403,679.26,Varejo,Sudeste,2024-10-24
404,11906.73,Industria,Sudeste,2022-04-19
405,6107.99,Tecnologia,Norte,2024-03-26
406,5896.60,Agronegocio,Nordeste,2022-02-03
407,732.84,Servicos,Sudeste,2022-04-21
408,13967.77,Industria,Nordeste,2023-06-24
409,5208.50,Tecnologia,Sudeste,2024-01-07
410,6982.06,Agronegocio,Centro-Oeste,2024-06-24
411,1145.99,Servicos,Sudeste,2023-04-15
412,3558.14,Agronegocio,Centro-Oeste,2024-05-17
413,8129.97,Industria,Norte,2023-08-17
414,14085.31,Industria,Norte,2023-06-24
415,1127.86,Servicos,Norte,2023-06-17
416,5275.74,Industria,Norte,2023-10-26
417,3924.28,Agronegocio,Centro-Oeste,2022-03-01
418,2387.58,Agronegocio,Centro-Oeste,2023-08-21
419,1071.48,Servicos,Centro-Oeste,2023-07-04
420,635.68,Varejo,Centro-Oeste,2022-10-06
421,628.28,Servicos,Centro-Oeste,2023-05-10
422,10711.46,Tecnologia,Centro-Oeste,2024-12-22
423,3885.87,Agronegocio,Norte,2023-05-18
424,634.41,Varejo,Nordeste,2023-12-28
425,4629.98,Agronegocio,Norte,2022-01-12
426,2891.87,Agronegocio,Norte,2023-02-16
427,527.84,Varejo,Sul,2024-02-05
428,768.44,Varejo,Sudeste,2024-08-27
429,1751.66,Servicos,Sudeste,2023-01-15
430,8988.81,Industria,Nordeste,2024-06-16
431,1353.13,Servicos,Nordeste,2024-03-09
432,8714.52,Tecnologia,Sul,2024-02-12
433,7099.59,Tecnologia,Norte,2023-10-28
434,1007.01,Servicos,Nordeste,2023-04-20
435,9225.84,Tecnologia,Nordeste,2023-11-04
436,756.39,Varejo,Nordeste,2024-05-28
437,629.62,Varejo,Centro-Oeste,2023-11-26
438,7604.19,Tecnologia,Sul,2022-07-25
439,2366.14,Servicos,Sudeste,2022-06-09
440,852.34,Varejo,Nordeste,2023-05-16
441,6309.70,Tecnologia,Norte,2023-07-04
442,10748.61,Tecnologia,Centro-Oeste,2022-02-12
443,8818.29,Industria,Centro-Oeste,2022-11-16
444,730.42,Servicos,Sudeste,2022-05-28
445,5462.40,Tecnologia,Centro-Oeste,2023-09-19
446,4367.64,Tecnologia,Centro-Oeste,2024-02-14
447,8936.18,Tecnologia,Sul,2024-05-25
448,2177.42,Servicos,Nordeste,2023-12-25
449,1897.94,Servicos,Norte,2024-08-15
450,13246.58,Industria,Norte,2022-08-25
451,1459.37,Servicos,Norte,2022-02-12
452,4480.15,Agronegocio,Sudeste,2022-11-20
453,591.52,Varejo,Norte,2022-02-19
454,507.49,Varejo,Norte,2023-01-12
455,1485.22,Servicos,Sudeste,2022-04-09
456,7422.25,Tecnologia,Nordeste,2023-12-24
457,526.01,Varejo,Nordeste,2022-11-16
458,404.13,Varejo,Nordeste,2022-07-08
459,312.13,Varejo,Sudeste,2024-05-09
460,541.69,Varejo,Centro-Oeste,2023-04-22
461,15795.73,Industria,Sudeste,2024-06-10
462,2323.04,Servicos,Centro-Oeste,2022-01-09
463,1571.56,Servicos,Centro-Oeste,2023-01-23
464,7221.61,Tecnologia,Centro-Oeste,2024-09-14
465,3386.27,Agronegocio,Norte,2023-09-08
466,1524.97,Servicos,Centro-Oeste,2022-10-20
467,4668.65,Agronegocio,Nordeste,2023-02-25
468,1710.23,Servicos,Norte,2024-02-26
469,585.51,Varejo,Sudeste,2022-12-28
470,941.23,Servicos,Sudeste,2023-01-26
471,6006.50,Agronegocio,Nordeste,2023-08-13
472,8375.14,Tecnologia,Nordeste,2024-07-26
473,599.81,Varejo,Nordeste,2024-08-07
474,9794.60,Tecnologia,Sul,2024-04-07
475,347.08,Varejo,Nordeste,2024-01-17
476,9562.44,Tecnologia,Nordeste,2022-10-19
477,4372.25,Agronegocio,Centro-Oeste,2022-09-14
478,954.71,Servicos,Sudeste,2023-01-24
479,3851.83,Agronegocio,Centro-Oeste,2023-12-12
480,2929.73,Agronegocio,Norte,2022-04-24
481,490.61,Varejo,Sudeste,2023-08-10
482,7786.65,Industria,Sul,2022-05-22
483,285.41,Varejo,Centro-Oeste,2023-03-09
484,6698.53,Tecnologia,Sudeste,2023-01-22
485,6455.65,Agronegocio,Sul,2023-02-15
486,580.52,Varejo,Norte,2022-04-01
487,7591.18,Industria,Sudeste,2022-03-23
488,13964.58,Industria,Sul,2024-03-05
489,4742.23,Agronegocio,Centro-Oeste,2022-01-06
490,1008.97,Servicos,Centro-Oeste,2022-06-17
491,8464.19,Tecnologia,Sul,2024-08-27
492,15101.87,Industria,Sul,2023-03-06
493,9521.62,Industria,Sul,2023-05-25
494,8264.73,Tecnologia,Norte,2022-04-12
495,810.27,Varejo,Nordeste,2024-07-07
496,725.83,Varejo,Sudeste,2023-06-04
497,6638.39,Industria,Sudeste,2023-02-21
498,9300.76,Tecnologia,Norte,2024-06-14
499,372.54,Varejo,Norte,2022-09-18
500,15800.76,Industria,Norte,2022-02-08
501,614.03,Servicos,Centro-Oeste,2024-09-08
502,9384.21,Tecnologia,Centro-Oeste,2023-10-25
503,4601.15,Agronegocio,Sul,2023-05-07
504,11731.01,Industria,Centro-Oeste,2023-07-20
505,365.98,Varejo,Sudeste,2022-09-11
506,275.82,Varejo,Sudeste,2023-12-23
507,6848.65,Agronegocio,Sul,2024-10-22
508,11631.08,Tecnologia,Sul,2023-03-16
509,478.34,Varejo,Sul,2023-06-25
510,15417.09,Industria,Centro-Oeste,2022-11-15
511,5522.04,Industria,Sudeste,2023-11-06
512,3763.82,Agronegocio,Norte,2024-11-12
513,1060.92,Servicos,Norte,2022-09-03
514,1285.85,Servicos,Centro-Oeste,2022-02-27
515,8707.11,Industria,Norte,2022-12-05
516,479.45,Varejo,Sudeste,2023-12-11
517,637.87,Servicos,Norte,2022-04-26
518,2446.30,Agronegocio,Centro-Oeste,2022-03-05
519,1754.52,Servicos,Sul,2022-05-03
520,5226.66,Agronegocio,Sul,2024-12-13
521,11187.59,Industria,Sudeste,2022-05-03
522,521.27,Varejo,Centro-Oeste,2023-11-05
523,3228.35,Agronegocio,Norte,2023-10-10
524,5139.66,Agronegocio,Nordeste,2023-09-13
525,2441.10,Agronegocio,Sudeste,2022-11-11
526,14228.45,Industria,Norte,2024-01-11
527,2049.66,Servicos,Sudeste,2022-01-11
528,938.65,Varejo,Nordeste,2022-04-18
529,886.92,Varejo,Centro-Oeste,2023-07-21
530,906.09,Varejo,Norte,2023-12-11
531,10380.23,Tecnologia,Sul,2022-12-12
532,6044.47,Agronegocio,Norte,2022-10-03
533,3477.43,Agronegocio,Sul,2024-11-23
534,899.89,Varejo,Centro-Oeste,2022-01-09
535,6972.53,Agronegocio,Sul,2023-02-19
536,8720.38,Tecnologia,Norte,2022-07-04
537,883.82,Varejo,Norte,2024-10-07
538,803.46,Servicos,Nordeste,2022-05-11
539,2068.73,Servicos,Norte,2022-08-25
540,7053.07,Agronegocio,Norte,2023-06-21
541,526.05,Varejo,Centro-Oeste,2022-02-10
542,5364.93,Agronegocio,Nordeste,2022-12-06
543,3028.20,Tecnologia,Sul,2022-03-07
544,6890.77,Industria,Centro-Oeste,2023-03-05
545,728.02,Varejo,Sudeste,2024-03-28
546,7220.07,Agronegocio,Nordeste,2022-11-21
547,3247.10,Tecnologia,Sul,2022-12-21
548,1641.71,Servicos,Centro-Oeste,2023-09-26
549,1762.58,Servicos,Sul,2023-11-07
550,7468.12,Tecnologia,Norte,2024-07-08
551,1562.78,Servicos,Centro-Oeste,2023-02-05
552,842.79,Varejo,Centro-Oeste,2023-02-08
553,439.14,Varejo,Nordeste,2024-02-04
554,3711.97,Agronegocio,Norte,2024-01-18
555,2154.36,Agronegocio,Sudeste,2023-07-05
556,534.48,Varejo,Centro-Oeste,2023-05-16
557,1223.74,Servicos,Nordeste,2024-02-08
558,11273.23,Tecnologia,Centro-Oeste,2023-04-26
559,3477.65,Agronegocio,Sudeste,2024-10-06
560,8425.82,Tecnologia,Nordeste,2023-05-06
561,6649.72,Tecnologia,Centro-Oeste,2024-09-08
562,2271.49,Agronegocio,Norte,2023-01-17
563,2767.18,Agronegocio,Centro-Oeste,2023-12-02
564,6084.54,Industria,Norte,2024-01-01
565,6318.68,Tecnologia,Nordeste,2024-09-28
566,551.43,Varejo,Centro-Oeste,2024-07-16
567,4208.89,Tecnologia,Sudeste,2022-01-26
568,1868.80,Servicos,Nordeste,2023-12-14
569,733.05,Servicos,Norte,2024-02-21
570,9244.95,Industria,Nordeste,2022-03-11
571,2339.52,Servicos,Sul,2023-05-23
572,6116.51,Tecnologia,Norte,2023-11-01
573,4987.70,Agronegocio,Sul,2024-03-21
574,1231.32,Servicos,Sul,2023-07-11
575,5310.87,Tecnologia,Norte,2024-05-16
576,9317.45,Tecnologia,Sul,2022-05-25
577,1392.30,Servicos,Centro-Oeste,2023-09-19
578,1579.76,Servicos,Sudeste,2023-05-06
579,6345.82,Agronegocio,Nordeste,2024-10-17
580,952.09,Servicos,Centro-Oeste,2022-06-12
581,1795.65,Servicos,Nordeste,2024-10-06
582,474.30,Varejo,Sudeste,2023-12-14
583,5256.58,Agronegocio,Sul,2023-07-27
584,12823.39,Industria,Sul,2024-05-05
585,2114.96,Servicos,Norte,2024-01-21
586,3960.13,Agronegocio,Nordeste,2023-08-02
587,1216.99,Servicos,Sul,2023-04-24
588,895.62,Varejo,Sul,2023-03-09
589,2098.24,Agronegocio,Centro-Oeste,2023-10-08
590,271.45,Varejo,Centro-Oeste,2023-02-04
591,534.39,Varejo,Sul,2023-04-09
592,7244.95,Tecnologia,Centro-Oeste,2023-07-12
593,481.05,Varejo,Centro-Oeste,2024-02-20
594,8192.63,Tecnologia,Norte,2024-02-26
595,5283.96,Tecnologia,Sudeste,2023-12-21
596,6814.38,Agronegocio,Sudeste,2023-03-17
597,9372.94,Industria,Sul,2024-06-21
598,625.81,Varejo,Sul,2023-03-14
599,7173.73,Tecnologia,Centro-Oeste,2023-11-08
600,603.06,Varejo,Nordeste,2022-01-27
601,3518.08,Agronegocio,Norte,2022-01-02
602,784.37,Servicos,Norte,2023-09-14
603,13570.24,Industria,Sul,2022-11-17
604,8075.41,Industria,Nordeste,2022-08-16
605,7888.75,Agronegocio,Sul,2024-12-13
606,9969.78,Tecnologia,Norte,2024-09-17
607,2360.85,Servicos,Nordeste,2024-09-16
608,1169.84,Servicos,Norte,2022-05-21
609,11668.27,Tecnologia,Nordeste,2022-10-26
610,4608.23,Agronegocio,Nordeste,2024-03-28
611,829.58,Varejo,Centro-Oeste,2024-06-09
612,6084.88,Tecnologia,Sudeste,2022-11-21
613,6812.83,Agronegocio,Centro-Oeste,2024-04-18
614,7867.04,Agronegocio,Nordeste,2023-08-21
615,5487.21,Industria,Centro-Oeste,2023-06-27
616,10876.97,Tecnologia,Nordeste,2024-04-28
617,1491.31,Servicos,Centro-Oeste,2023-06-21
618,14289.85,Industria,Sudeste,2023-12-20
619,1056.89,Servicos,Centro-Oeste,2024-08-05
620,3126.72,Agronegocio,Nordeste,2022-11-16
621,8831.97,Industria,Sul,2023-03-18
622,1272.86,Servicos,Centro-Oeste,2023-01-03
623,7532.33,Agronegocio,Norte,2023-07-12
624,6785.27,Agronegocio,Nordeste,2023-12-07
625,7024.66,Agronegocio,Centro-Oeste,2023-07-23
626,4014.39,Agronegocio,Norte,2024-11-15
627,14063.05,Industria,Nordeste,2022-04-13
628,904.26,Varejo,Nordeste,2022-02-23
629,4843.70,Tecnologia,Sudeste,2024-03-27
630,9919.29,Industria,Sudeste,2024-11-28
631,4602.10,Tecnologia,Nordeste,2024-10-03
632,5040.64,Agronegocio,Nordeste,2023-04-23
633,9706.88,Tecnologia,Centro-Oeste,2024-03-25
634,754.55,Servicos,Centro-Oeste,2023-09-03
635,2557.99,Agronegocio,Centro-Oeste,2023-05-13
636,13484.90,Industria,Sul,2024-12-03
637,9993.95,Industria,Sul,2022-08-19
638,2685.40,Agronegocio,Sudeste,2023-11-13
639,708.54,Varejo,Sul,2024-02-14
640,7491.66,Agronegocio,Centro-Oeste,2022-02-18
641,576.46,Varejo,Norte,2024-05-17
642,451.83,Varejo,Centro-Oeste,2022-10-18
643,721.48,Varejo,Centro-Oeste,2024-03-06
644,5231.97,Tecnologia,Sul,2024-11-07
645,11554.52,Industria,Sul,2024-05-10
646,1386.97,Servicos,Sudeste,2024-02-16
647,3440.54,Agronegocio,Nordeste,2022-08-15
648,980.28,Varejo,Norte,2023-07-09
649,14733.91,Industria,Centro-Oeste,2022-05-20
650,2849.79,Agronegocio,Sudeste,2024-05-10
651,2141.96,Servicos,Sudeste,2023-03-10
652,3100.12,Agronegocio,Sudeste,2022-02-20
653,4162.91,Agronegocio,Centro-Oeste,2023-05-06
654,5095.27,Tecnologia,Norte,2024-08-07
655,287.89,Varejo,Centro-Oeste,2022-07-24
656,8530.52,Industria,Norte,2023-11-11
657,435.10,Varejo,Sul,2023-03-08
658,745.59,Varejo,Norte,2023-05-13
659,10277.11,Industria,Nordeste,2023-12-18
660,2641.22,Agronegocio,Norte,2023-08-11
661,12348.91,Industria,Centro-Oeste,2023-12-23
662,3603.98,Agronegocio,Sudeste,2023-05-04
663,15292.20,Industria,Sudeste,2024-02-05
664,9034.69,Industria,Centro-Oeste,2022-05-14
665,447.10,Varejo,Norte,2023-07-03
666,6554.00,Agronegocio,Nordeste,2023-05-05
667,1492.87,Servicos,Nordeste,2023-06-07
668,3290.65,Tecnologia,Sul,2023-04-16
669,1974.00,Servicos,Norte,2024-07-25
670,1026.96,Servicos,Norte,2022-08-26
671,5783.79,Agronegocio,Norte,2023-06-24
672,11058.90,Tecnologia,Sul,2024-06-06
673,6455.31,Tecnologia,Nordeste,2022-12-04
674,10972.16,Industria,Nordeste,2023-11-28
675,508.71,Varejo,Sul,2023-04-02
676,2000.58,Agronegocio,Nordeste,2023-01-19
677,10936.21,Tecnologia,Sudeste,2024-12-03
678,713.09,Varejo,Sudeste,2023-11-01
679,475.81,Varejo,Nordeste,2024-12-03
680,11844.22,Industria,Sul,2024-09-20
681,5736.40,Industria,Nordeste,2022-09-09
682,7101.04,Agronegocio,Centro-Oeste,2023-06-01
683,1708.04,Servicos,Sudeste,2024-07-05
684,7921.40,Tecnologia,Centro-Oeste,2024-04-17
685,5969.55,Tecnologia,Sul,2022-08-02
686,562.93,Varejo,Nordeste,2022-01-06
687,2153.99,Agronegocio,Sudeste,2024-10-05
688,13409.77,Industria,Norte,2023-03-28
689,5630.52,Agronegocio,Centro-Oeste,2024-01-09
690,951.26,Varejo,Nordeste,2023-03-07
691,937.17,Servicos,Norte,2023-10-11
692,11396.02,Tecnologia,Sul,2022-10-12
693,723.89,Varejo,Sudeste,2022-06-01
694,766.75,Varejo,Nordeste,2024-03-16
695,544.52,Varejo,Sul,2024-01-10
696,644.63,Servicos,Norte,2023-02-01
697,279.65,Varejo,Centro-Oeste,2024-03-12
698,746.20,Varejo,Nordeste,2024-11-20
699,5567.47,Agronegocio,Sul,2023-04-03
700,15326.22,Industria,Sudeste,2024-08-02
701,4101.86,Tecnologia,Sudeste,2022-05-20
702,1881.97,Servicos,Nordeste,2022-07-13
703,7632.01,Agronegocio,Sul,2023-11-06
704,1644.56,Servicos,Sul,2024-10-27
705,896.39,Varejo,Nordeste,2024-11-22
706,5839.15,Tecnologia,Sudeste,2024-08-17
707,6458.11,Industria,Sul,2024-04-12
708,10668.11,Tecnologia,Sul,2023-02-14
709,1594.48,Servicos,Nordeste,2022-10-28
710,10313.34,Industria,Nordeste,2023-11-06
711,2768.75,Agronegocio,Nordeste,2023-07-01
712,2138.54,Servicos,Nordeste,2022-08-11
713,643.01,Varejo,Nordeste,2023-01-14
714,13634.40,Industria,Nordeste,2022-10-10
715,1793.36,Servicos,Nordeste,2024-07-15
716,440.12,Varejo,Centro-Oeste,2024-09-01
717,646.71,Servicos,Sudeste,2023-08-25
718,5264.62,Tecnologia,Norte,2023-01-19
719,6803.63,Agronegocio,Centro-Oeste,2023-11-26
720,13163.22,Industria,Centro-Oeste,2023-08-05
721,5881.98,Industria,Sudeste,2022-12-01
722,1174.51,Servicos,Sul,2023-03-27
723,8457.20,Industria,Sul,2023-01-22
724,2357.73,Servicos,Norte,2023-02-18
725,9981.82,Tecnologia,Norte,2023-07-12
726,2171.13,Agronegocio,Sudeste,2024-10-22
727,7537.03,Agronegocio,Sudeste,2024-10-21
728,991.26,Varejo,Norte,2022-07-11
729,1728.82,Servicos,Sul,2024-10-14
730,12799.80,Industria,Nordeste,2024-12-04
731,719.08,Servicos,Sul,2023-10-01
732,5373.85,Tecnologia,Norte,2022-05-23
733,5079.78,Industria,Sul,2023-10-13
734,7740.45,Tecnologia,Nordeste,2023-12-23
735,8078.84,Tecnologia,Nordeste,2024-06-07
736,8315.09,Tecnologia,Sul,2024-07-15
737,13312.22,Industria,Norte,2022-11-04
738,3485.57,Tecnologia,Centro-Oeste,2024-04-28
739,4552.63,Agronegocio,Centro-Oeste,2022-02-20
740,6684.58,Agronegocio,Nordeste,2024-01-08
741,5663.09,Agronegocio,Norte,2023-10-12
742,1274.49,Servicos,Sudeste,2023-09-22
743,676.83,Varejo,Norte,2023-02-24
744,2021.15,Servicos,Norte,2024-10-14
745,928.02,Varejo,Centro-Oeste,2024-02-03
746,2107.97,Servicos,Sudeste,2024-08-22
747,886.23,Servicos,Nordeste,2023-04-08
748,12174.56,Industria,Sul,2024-01-25
749,1088.52,Servicos,Centro-Oeste,2023-02-13
750,6385.27,Agronegocio,Sul,2022-01-09
751,1215.93,Servicos,Sul,2023-06-28
752,5369.73,Industria,Sul,2022-11-16
753,854.11,Servicos,Norte,2023-10-01
754,7792.96,Agronegocio,Centro-Oeste,2022-06-10
755,5211.85,Agronegocio,Centro-Oeste,2022-02-21
756,5319.29,Agronegocio,Sudeste,2024-10-09
757,1445.46,Servicos,Sul,2024-11-20
758,11732.76,Industria,Centro-Oeste,2023-03-08
759,8192.80,Tecnologia,Sudeste,2024-07-21
760,10231.17,Tecnologia,Sudeste,2024-12-13
761,8983.40,Tecnologia,Centro-Oeste,2023-03-19
762,2381.14,Servicos,Nordeste,2023-04-14
763,8364.19,Industria,Norte,2024-03-16
764,10121.52,Tecnologia,Norte,2024-11-23
765,1269.36,Servicos,Sul,2024-08-01
766,892.04,Varejo,Sudeste,2022-09-08
767,4322.71,Agronegocio,Sul,2023-10-21
768,5687.71,Agronegocio,Sul,2023-11-16
769,11140.23,Industria,Norte,2023-04-28
770,1348.37,Servicos,Sul,2023-08-09
771,1976.34,Servicos,Norte,2022-02-01
772,7784.34,Agronegocio,Centro-Oeste,2024-07-13
773,9553.20,Tecnologia,Centro-Oeste,2024-06-05
774,7568.17,Agronegocio,Centro-Oeste,2023-12-07
775,882.07,Varejo,Norte,2022-01-28
776,5028.93,Agronegocio,Sul,2023-01-16
777,5904.54,Agronegocio,Nordeste,2023-11-03
778,11435.89,Industria,Nordeste,2022-08-26
779,1538.87,Servicos,Nordeste,2022-12-14
780,781.58,Varejo,Norte,2024-08-03
781,15824.85,Industria,Nordeste,2023-07-23
782,296.13,Varejo,Norte,2023-10-12
783,7458.48,Agronegocio,Centro-Oeste,2023-10-16
784,6384.11,Tecnologia,Sul,2022-12-25
785,3125.52,Tecnologia,Sul,2023-04-14
786,7285.62,Industria,Norte,2022-01-12
787,597.08,Varejo,Sudeste,2023-10-19
788,1028.54,Servicos,Nordeste,2022-03-03
789,15211.13,Industria,Norte,2023-05-04
790,11582.70,Tecnologia,Norte,2022-02-18
791,442.57,Varejo,Centro-Oeste,2022-05-19
792,640.65,Servicos,Sudeste,2022-09-23
793,458.50,Varejo,Norte,2024-08-09
794,6507.64,Agronegocio,Centro-Oeste,2024-04-11
795,4529.83,Tecnologia,Sudeste,2024-01-20
796,3983.35,Agronegocio,Nordeste,2022-06-10
797,3256.65,Tecnologia,Sudeste,2022-05-27
798,1062.24,Servicos,Sul,2022-06-10
799,758.35,Varejo,Nordeste,2024-12-28
800,482.21,Varejo,Sul,2022-06-12
801,5110.77,Industria,Sul,2024-08-16
802,9931.48,Tecnologia,Centro-Oeste,2022-03-23
803,11026.56,Tecnologia,Sul,2024-08-08
804,10850.19,Tecnologia,Sudeste,2024-07-25
805,404.95,Varejo,Centro-Oeste,2023-11-17
806,1616.22,Servicos,Sudeste,2022-04-15
807,6947.96,Tecnologia,Norte,2022-12-16
808,6500.43,Agronegocio,Sul,2022-01-19
809,1013.93,Servicos,Sul,2024-08-10
810,513.75,Varejo,Nordeste,2022-01-26
811,10787.32,Tecnologia,Sudeste,2023-03-02
812,15658.01,Industria,Sudeste,2022-12-19
813,5056.94,Industria,Nordeste,2023-12-10
814,1204.18,Servicos,Sudeste,2023-08-08
815,5717.49,Tecnologia,Norte,2022-01-20
816,906.74,Servicos,Nordeste,2024-12-10
817,6180.02,Agronegocio,Sudeste,2023-01-02
818,882.33,Varejo,Nordeste,2022-03-16
819,832.69,Varejo,Sul,2022-06-13
820,427.59,Varejo,Sudeste,2023-06-21
821,5619.19,Agronegocio,Nordeste,2024-09-20
822,3313.07,Agronegocio,Nordeste,2023-03-14
823,1292.84,Servicos,Nordeste,2023-10-16
824,718.68,Servicos,Sul,2022-07-25
825,965.20,Servicos,Nordeste,2024-09-01
826,5925.58,Agronegocio,Sul,2024-05-07
827,1171.00,Servicos,Sul,2022-10-17
828,818.94,Servicos,Centro-Oeste,2024-11-21
829,4606.54,Agronegocio,Sul,2023-08-01
830,3287.42,Agronegocio,Sudeste,2022-10-19
831,6653.58,Tecnologia,Norte,2022-08-05
832,12291.94,Industria,Norte,2022-10-08
833,9379.75,Tecnologia,Nordeste,2023-07-12
834,5771.65,Agronegocio,Sudeste,2022-05-15
835,1895.36,Servicos,Sul,2022-01-01
836,390.81,Varejo,Norte,2022-06-23
837,9832.31,Industria,Norte,2024-04-26
838,431.31,Varejo,Sudeste,2024-05-06
839,1730.42,Servicos,Sudeste,2023-08-21
840,2245.03,Servicos,Nordeste,2023-07-24
841,759.73,Varejo,Sul,2023-02-04
842,754.08,Varejo,Nordeste,2024-01-10
843,529.98,Varejo,Centro-Oeste,2024-07-12
844,528.95,Varejo,Nordeste,2022-02-23
845,3541.32,Agronegocio,Nordeste,2024-10-02
846,721.93,Varejo,Nordeste,2022-08-09
847,834.35,Servicos,Norte,2022-12-27
848,7129.53,Tecnologia,Sul,2024-09-15
849,4211.53,Tecnologia,Sudeste,2024-04-12
850,10450.56,Tecnologia,Norte,2023-03-01
851,316.73,Varejo,Centro-Oeste,2022-11-09
852,4047.13,Tecnologia,Sudeste,2023-08-22
853,4468.18,Agronegocio,Norte,2023-07-19
854,523.55,Varejo,Norte,2024-11-06
855,4239.47,Agronegocio,Nordeste,2022-11-28
856,4132.23,Agronegocio,Centro-Oeste,2024-09-17
857,11566.93,Tecnologia,Sudeste,2023-03-22
858,2207.22,Agronegocio,Centro-Oeste,2024-06-05
859,4941.76,Agronegocio,Sul,2024-03-16
860,7829.71,Industria,Nordeste,2024-04-20
861,6308.68,Industria,Centro-Oeste,2022-12-23
862,4027.27,Tecnologia,Sudeste,2024-10-11
863,2028.53,Servicos,Centro-Oeste,2024-07-02
864,7166.29,Industria,Norte,2023-10-21
865,6415.93,Industria,Norte,2022-02-08
866,5934.94,Agronegocio,Norte,2023-07-03
867,695.42,Varejo,Nordeste,2022-06-10
868,952.85,Servicos,Nordeste,2023-01-23
869,1574.72,Servicos,Norte,2023-06-06
870,5525.24,Agronegocio,Norte,2024-01-06
871,2675.32,Agronegocio,Sudeste,2022-11-03
872,1506.12,Servicos,Centro-Oeste,2022-08-21
873,8604.63,Industria,Centro-Oeste,2023-09-24
874,9366.43,Industria,Norte,2024-03-01
875,11295.22,Industria,Norte,2023-01-19
876,2373.26,Servicos,Sul,2022-05-17
877,8208.84,Tecnologia,Sul,2022-05-10
878,9022.20,Industria,Sudeste,2023-04-05
879,5888.62,Industria,Centro-Oeste,2024-09-19
880,10616.90,Industria,Sul,2022-12-14
881,5991.27,Tecnologia,Centro-Oeste,2024-07-21
882,1308.13,Servicos,Sudeste,2023-11-10
883,4081.57,Tecnologia,Centro-Oeste,2024-06-06
884,676.00,Varejo,Norte,2023-03-10
885,839.83,Varejo,Sudeste,2022-05-10
886,756.75,Varejo,Nordeste,2023-12-15
887,591.78,Varejo,Centro-Oeste,2023-05-14
888,11489.19,Industria,Nordeste,2024-03-19
889,405.22,Varejo,Nordeste,2024-06-25
890,545.88,Varejo,Norte,2022-08-12
891,7755.60,Industria,Nordeste,2022-01-25
892,546.90,Varejo,Centro-Oeste,2022-03-03
893,2039.68,Servicos,Centro-Oeste,2023-04-16
894,11440.63,Tecnologia,Sudeste,2024-12-09
895,8483.46,Industria,Sudeste,2024-05-12
896,1330.41,Servicos,Sul,2024-02-05
897,14999.42,Industria,Sul,2023-02-05
898,3235.33,Agronegocio,Norte,2022-09-15
899,3819.11,Agronegocio,Centro-Oeste,2023-11-08
900,3292.00,Agronegocio,Sul,2024-10-09
901,11887.93,Tecnologia,Nordeste,2024-10-08
902,6352.21,Tecnologia,Nordeste,2023-02-17
903,856.05,Varejo,Nordeste,2022-11-28
904,617.44,Varejo,Sul,2024-08-20
905,6208.39,Industria,Centro-Oeste,2024-04-21
906,916.15,Servicos,Nordeste,2023-09-19
907,7576.98,Agronegocio,Sul,2022-04-08
908,5472.57,Agronegocio,Norte,2022-01-04
909,4523.54,Agronegocio,Nordeste,2023-03-19
910,7684.42,Agronegocio,Nordeste,2022-02-26
911,899.90,Varejo,Centro-Oeste,2024-01-12
912,2050.27,Servicos,Norte,2023-05-18
913,11999.30,Industria,Nordeste,2023-06-27
914,2645.05,Agronegocio,Norte,2022-08-09
915,2381.98,Agronegocio,Sul,2023-05-06
916,6255.64,Agronegocio,Nordeste,2024-01-02
917,14432.23,Industria,Nordeste,2022-01-15
918,829.21,Varejo,Sudeste,2024-09-15
919,9986.18,Tecnologia,Centro-Oeste,2023-05-16
920,8947.22,Tecnologia,Sul,2022-01-01
921,2288.77,Servicos,Nordeste,2024-01-27
922,8609.30,Industria,Norte,2022-07-20
923,3995.72,Tecnologia,Centro-Oeste,2023-01-14
924,10711.93,Tecnologia,Sul,2022-01-21
925,951.94,Varejo,Centro-Oeste,2023-02-19
926,7497.52,Industria,Norte,2024-05-19
927,887.97,Varejo,Centro-Oeste,2022-09-01
928,5322.99,Industria,Sudeste,2023-04-03
929,9519.28,Industria,Nordeste,2022-06-11
930,1617.09,Servicos,Centro-Oeste,2023-07-07
931,260.33,Varejo,Sul,2022-01-16
932,886.59,Servicos,Sul,2022-11-02
933,6375.19,Industria,Sul,2023-03-23
934,557.97,Varejo,Nordeste,2024-12-14
935,7260.62,Agronegocio,Nordeste,2023-06-02
936,4476.07,Tecnologia,Norte,2022-10-05
937,6673.99,Agronegocio,Norte,2024-01-25
938,1205.78,Servicos,Sul,2024-03-10
939,3042.47,Agronegocio,Nordeste,2024-05-20
940,7169.10,Industria,Norte,2024-08-01
941,5121.11,Agronegocio,Norte,2022-08-02
942,11213.07,Tecnologia,Norte,2022-05-12
943,1459.47,Servicos,Centro-Oeste,2022-01-08
944,760.11,Varejo,Norte,2024-01-25
945,750.27,Varejo,Sul,2023-02-21
946,1727.31,Servicos,Norte,2022-12-19
947,7762.00,Tecnologia,Norte,2022-07-06
948,4511.61,Agronegocio,Sul,2024-08-13
949,15222.72,Industria,Nordeste,2024-06-14
950,15715.72,Industria,Nordeste,2023-01-24
951,5416.48,Tecnologia,Centro-Oeste,2024-11-22
952,825.34,Servicos,Nordeste,2022-05-28
953,7901.29,Industria,Sul,2022-09-12
954,7146.16,Agronegocio,Centro-Oeste,2022-03-24
955,5745.44,Industria,Sul,2024-04-12
956,10091.97,Industria,Nordeste,2022-02-14
957,840.35,Varejo,Sul,2023-12-06
958,575.29,Varejo,Centro-Oeste,2024-04-19
959,13960.68,Industria,Sudeste,2022-10-14
960,2259.81,Servicos,Norte,2024-05-20
961,8841.21,Tecnologia,Norte,2022-11-15
962,1530.40,Servicos,Norte,2024-07-23
963,4869.81,Industria,Norte,2022-05-08
964,5626.13,Agronegocio,Nordeste,2022-12-14
965,2766.39,Agronegocio,Nordeste,2023-06-11
966,14590.36,Industria,Centro-Oeste,2024-12-23
967,780.85,Servicos,Sul,2023-10-12
968,784.75,Varejo,Centro-Oeste,2022-02-18
969,14872.81,Industria,Sudeste,2024-01-22
970,1208.83,Servicos,Nordeste,2022-11-01
971,304.08,Varejo,Centro-Oeste,2022-12-26
972,535.77,Varejo,Sul,2023-08-04
973,11522.48,Industria,Sudeste,2024-06-06
974,4760.50,Tecnologia,Centro-Oeste,2024-09-08
975,14024.38,Industria,Sul,2023-02-10
976,1927.71,Servicos,Centro-Oeste,2023-05-20
977,5252.50,Tecnologia,Sul,2024-10-11
978,5566.26,Agronegocio,Sudeste,2023-06-23
979,11253.07,Industria,Sul,2024-11-14
980,739.58,Varejo,Centro-Oeste,2024-09-08
981,1714.19,Servicos,Sul,2023-01-17
982,11365.18,Industria,Nordeste,2023-02-11
983,1492.26,Servicos,Norte,2024-10-11
984,10048.04,Industria,Centro-Oeste,2022-08-16
985,6782.84,Agronegocio,Sudeste,2024-09-07
986,2035.12,Servicos,Norte,2023-10-19
987,4922.75,Tecnologia,Nordeste,2024-04-12
988,3454.76,Agronegocio,Sul,2024-02-27
989,2178.69,Servicos,Norte,2024-01-08
990,1953.40,Servicos,Sudeste,2024-05-25
991,11788.45,Industria,Sul,2023-12-10
992,5608.82,Agronegocio,Nordeste,2023-12-08
993,486.47,Varejo,Sudeste,2024-10-04
994,1235.97,Servicos,Sul,2024-10-20
995,829.93,Varejo,Centro-Oeste,2023-09-21
996,3382.87,Agronegocio,Sudeste,2024-06-01
997,888.38,Varejo,Norte,2022-05-15
998,2712.08,Agronegocio,Centro-Oeste,2023-11-05
999,1440.51,Servicos,Sul,2024-11-16
1000,9617.36,Tecnologia,Nordeste,2023-10-19
1001,1273.78,Servicos,Norte,2022-03-21
1002,6671.12,Industria,Sudeste,2023-03-15
1003,3991.45,Agronegocio,Norte,2024-03-05
1004,3340.82,Agronegocio,Centro-Oeste,2023-10-01
1005,3762.51,Agronegocio,Norte,2023-05-02
1006,6306.17,Industria,Sul,2022-01-25
1007,947.25,Varejo,Norte,2022-07-25
1008,329.23,Varejo,Nordeste,2024-08-12
1009,4112.61,Agronegocio,Norte,2022-04-03
1010,11855.43,Industria,Centro-Oeste,2022-10-08
1011,4739.38,Tecnologia,Centro-Oeste,2022-03-13
1012,2629.93,Agronegocio,Norte,2024-04-22
1013,13180.82,Industria,Norte,2023-09-03
1014,3250.71,Tecnologia,Sul,2024-05-04
1015,15932.26,Industria,Sudeste,2022-12-05
1016,7289.40,Agronegocio,Sul,2023-05-17
1017,9498.07,Tecnologia,Centro-Oeste,2022-01-14
1018,955.30,Varejo,Centro-Oeste,2022-08-11
1019,2065.03,Agronegocio,Nordeste,2023-12-27
1020,6321.10,Agronegocio,Nordeste,2022-02-02
1021,597.46,Varejo,Nordeste,2022-02-16
1022,7711.02,Industria,Sul,2023-10-23
1023,8513.43,Tecnologia,Norte,2022-08-23
1024,415.47,Varejo,Centro-Oeste,2023-11-19
1025,953.80,Varejo,Nordeste,2022-04-11
1026,4467.48,Agronegocio,Norte,2023-06-03
1027,7519.41,Tecnologia,Centro-Oeste,2024-01-24
1028,2392.85,Servicos,Centro-Oeste,2024-12-11
1029,1995.16,Servicos,Sul,2022-12-19
1030,4424.74,Industria,Centro-Oeste,2022-03-14
1031,1163.75,Servicos,Sul,2023-12-26
1032,4814.24,Agronegocio,Sudeste,2022-01-21
1033,3178.78,Agronegocio,Norte,2022-08-20
1034,3791.69,Tecnologia,Sul,2024-06-27
1035,6527.10,Tecnologia,Sudeste,2024-08-21
1036,7764.58,Agronegocio,Centro-Oeste,2022-01-28
1037,5614.19,Industria,Centro-Oeste,2023-01-01
1038,10859.40,Tecnologia,Nordeste,2022-04-24
1039,939.41,Varejo,Nordeste,2024-08-14
1040,6117.62,Agronegocio,Norte,2024-12-14
1041,14704.91,Industria,Norte,2023-11-18
1042,423.24,Varejo,Sul,2022-09-19
1043,15966.50,Industria,Sudeste,2023-02-28
1044,1867.25,Servicos,Sul,2024-03-01
1045,7344.61,Tecnologia,Sudeste,2024-10-21
1046,4393.38,Tecnologia,Sudeste,2024-12-12
1047,6823.18,Agronegocio,Sudeste,2022-09-20
1048,4523.58,Tecnologia,Nordeste,2023-09-16
1049,5747.54,Agronegocio,Sudeste,2022-04-22
1050,9038.60,Tecnologia,Sudeste,2024-07-08
1051,4035.16,Tecnologia,Nordeste,2022-11-14
1052,757.37,Servicos,Sudeste,2023-07-12
1053,2272.67,Servicos,Norte,2022-10-16
1054,11801.51,Tecnologia,Sudeste,2023-03-19
1055,12911.63,Industria,Sul,2024-06-11
1056,4860.71,Tecnologia,Centro-Oeste,2024-12-16
1057,11468.77,Industria,Sul,2024-08-02
1058,916.44,Varejo,Sul,2023-12-27
1059,7908.71,Agronegocio,Centro-Oeste,2024-04-12
1060,11156.31,Industria,Sudeste,2024-01-06
1061,5626.89,Tecnologia,Norte,2023-03-24
1062,4949.34,Agronegocio,Sul,2023-10-21
1063,11223.24,Industria,Norte,2023-08-18
1064,623.72,Servicos,Sudeste,2024-11-22
1065,1189.36,Servicos,Centro-Oeste,2022-01-01
1066,14270.69,Industria,Sul,2023-12-25
1067,646.15,Servicos,Centro-Oeste,2024-09-25
1068,1857.41,Servicos,Sudeste,2022-07-20
1069,684.15,Varejo,Nordeste,2024-12-25
1070,10099.87,Tecnologia,Sul,2022-09-04
1071,10182.66,Tecnologia,Norte,2023-04-23
1072,587.85,Varejo,Norte,2023-06-06
1073,1945.77,Servicos,Norte,2023-01-06
1074,6874.08,Agronegocio,Sudeste,2024-05-22
1075,2005.78,Agronegocio,Sul,2023-03-12
1076,3646.14,Tecnologia,Centro-Oeste,2024-09-02
1077,4669.72,Agronegocio,Sudeste,2024-09-20
1078,1496.91,Servicos,Sudeste,2024-02-01
1079,2600.37,Agronegocio,Nordeste,2022-08-08
1080,1752.44,Servicos,Nordeste,2023-06-02
1081,7174.70,Industria,Centro-Oeste,2022-12-23
1082,6477.48,Tecnologia,Centro-Oeste,2024-09-07
1083,7285.57,Agronegocio,Centro-Oeste,2024-04-04
1084,10513.42,Tecnologia,Sudeste,2023-04-12
1085,4719.82,Industria,Norte,2024-02-03
1086,542.11,Varejo,Sudeste,2024-05-20
1087,7066.39,Tecnologia,Norte,2023-01-26
1088,7898.56,Tecnologia,Sul,2023-09-15
1089,1023.63,Servicos,Sul,2023-07-02
1090,867.82,Varejo,Sul,2022-02-23
1091,323.35,Varejo,Centro-Oeste,2024-01-08
1092,8986.57,Industria,Nordeste,2024-01-22
1093,5216.53,Agronegocio,Nordeste,2024-12-05
1094,6843.99,Agronegocio,Sudeste,2022-01-27
1095,4368.09,Agronegocio,Centro-Oeste,2024-02-12
1096,2479.12,Agronegocio,Sudeste,2023-09-06
1097,9314.06,Tecnologia,Norte,2022-11-12
1098,11199.06,Industria,Sul,2022-12-08
1099,6004.42,Tecnologia,Norte,2022-06-25
1100,8779.00,Tecnologia,Sul,2023-11-24
1101,14743.25,Industria,Sul,2023-09-23
1102,5906.46,Agronegocio,Sul,2023-07-22
1103,499.46,Varejo,Nordeste,2023-01-26
1104,12547.40,Industria,Sudeste,2024-11-12
1105,841.08,Servicos,Sul,2024-05-23
1106,10349.00,Industria,Centro-Oeste,2024-03-12
1107,1145.64,Servicos,Sudeste,2022-04-17
1108,6317.57,Agronegocio,Nordeste,2022-04-19
1109,487.38,Varejo,Nordeste,2024-01-22
1110,1289.86,Servicos,Centro-Oeste,2023-07-18
1111,10865.58,Industria,Norte,2023-07-01
1112,681.79,Varejo,Norte,2023-02-17
1113,9208.15,Industria,Norte,2023-05-02
1114,11899.53,Tecnologia,Norte,2024-08-18
1115,2045.62,Agronegocio,Nordeste,2024-03-24
1116,9902.19,Industria,Sudeste,2023-03-03
1117,4774.25,Industria,Nordeste,2023-07-24
1118,573.93,Varejo,Centro-Oeste,2023-04-12
1119,12390.83,Industria,Norte,2022-11-18
1120,612.98,Servicos,Norte,2022-10-14
1121,807.90,Servicos,Nordeste,2024-04-22
1122,10901.47,Tecnologia,Norte,2023-05-05
1123,2101.43,Servicos,Sudeste,2023-12-20
1124,1411.79,Servicos,Sul,2023-11-26
1125,6582.68,Industria,Sudeste,2024-12-01
1126,8147.80,Industria,Sudeste,2023-09-25
1127,4769.19,Industria,Norte,2023-08-19
1128,479.84,Varejo,Sul,2022-03-22
1129,11448.81,Tecnologia,Centro-Oeste,2022-12-22
1130,6505.15,Agronegocio,Norte,2024-02-07
1131,2258.80,Servicos,Sul,2024-03-07
1132,571.27,Varejo,Centro-Oeste,2024-05-14
1133,468.45,Varejo,Sudeste,2024-02-21
1134,555.92,Varejo,Sudeste,2023-02-23
1135,955.50,Varejo,Norte,2024-04-04
1136,6058.30,Tecnologia,Sul,2024-05-13
1137,2186.95,Servicos,Sudeste,2023-04-06
1138,13986.64,Industria,Centro-Oeste,2022-01-21
1139,10003.41,Industria,Centro-Oeste,2024-08-22
1140,419.50,Varejo,Nordeste,2023-01-02
1141,10522.27,Tecnologia,Sul,2023-12-04
1142,7169.50,Tecnologia,Sul,2024-01-24
1143,413.26,Varejo,Nordeste,2024-06-28
1144,3013.53,Tecnologia,Sul,2022-12-10
1145,5775.26,Industria,Norte,2022-01-27
1146,5443.46,Agronegocio,Norte,2024-02-05
1147,8985.22,Tecnologia,Centro-Oeste,2023-10-17
1148,284.41,Varejo,Sudeste,2023-09-06
1149,352.24,Varejo,Sul,2023-04-03
1150,3122.79,Agronegocio,Sudeste,2022-09-24
1151,9059.71,Tecnologia,Centro-Oeste,2023-11-26
1152,5551.68,Tecnologia,Sudeste,2024-05-19
1153,8240.50,Tecnologia,Norte,2022-09-09
1154,12938.59,Industria,Centro-Oeste,2023-01-25
1155,9850.38,Tecnologia,Centro-Oeste,2024-12-28
1156,2393.19,Agronegocio,Sudeste,2023-03-17
1157,316.19,Varejo,Sudeste,2023-12-09
1158,964.76,Servicos,Nordeste,2024-11-25
1159,6029.72,Tecnologia,Sul,2023-09-07
1160,4899.94,Agronegocio,Nordeste,2023-12-14
1161,916.27,Varejo,Nordeste,2022-12-12
1162,1533.55,Servicos,Norte,2022-05-07
1163,11092.19,Tecnologia,Sul,2023-07-09
1164,12120.91,Industria,Nordeste,2022-02-21
1165,7492.78,Industria,Sudeste,2023-05-04
1166,4622.86,Tecnologia,Norte,2023-03-02
1167,2061.53,Agronegocio,Nordeste,2023-06-02
1168,5760.03,Tecnologia,Sul,2022-03-04
1169,13590.10,Industria,Centro-Oeste,2023-02-22
1170,290.10,Varejo,Sudeste,2023-11-02
1171,6686.69,Agronegocio,Sul,2022-02-04
1172,796.06,Varejo,Norte,2023-04-09
1173,2005.92,Servicos,Norte,2024-11-27
1174,2268.69,Servicos,Norte,2024-03-10
1175,1001.97,Servicos,Sul,2024-02-23
1176,2131.72,Servicos,Centro-Oeste,2024-06-10
1177,1316.00,Servicos,Norte,2024-08-27
1178,959.40,Varejo,Sul,2024-10-25
1179,4112.52,Tecnologia,Sudeste,2024-12-28
1180,12945.95,Industria,Nordeste,2024-08-27
1181,1988.50,Servicos,Nordeste,2024-03-23
1182,4014.44,Industria,Nordeste,2022-03-05
1183,13731.34,Industria,Norte,2023-08-21
1184,902.07,Servicos,Sul,2022-03-20
1185,286.80,Varejo,Nordeste,2022-06-03
1186,5261.31,Tecnologia,Sudeste,2022-03-06
1187,691.84,Varejo,Sudeste,2022-12-14
1188,4659.84,Agronegocio,Sul,2024-03-15
1189,4560.16,Industria,Sul,2023-04-08
1190,979.75,Varejo,Sul,2022-05-18
1191,7864.43,Industria,Centro-Oeste,2023-08-22
1192,4383.76,Industria,Centro-Oeste,2024-04-05
1193,5118.16,Industria,Norte,2023-04-20
1194,965.42,Varejo,Centro-Oeste,2023-05-11
1195,816.47,Varejo,Nordeste,2022-07-05
1196,960.20,Varejo,Sudeste,2024-11-08
1197,6356.02,Industria,Nordeste,2023-02-17
1198,12693.75,Industria,Norte,2023-10-15
1199,723.99,Servicos,Sudeste,2023-06-01
1200,8922.57,Tecnologia,Sul,2022-12-01
1201,4756.81,Agronegocio,Nordeste,2023-05-04
1202,8696.67,Tecnologia,Sul,2022-05-08
1203,7730.92,Tecnologia,Nordeste,2022-11-12
1204,625.15,Varejo,Sudeste,2022-04-07
1205,976.56,Varejo,Centro-Oeste,2022-05-13
1206,7960.68,Industria,Nordeste,2024-01-26
1207,1676.36,Servicos,Nordeste,2022-08-14
1208,609.97,Varejo,Nordeste,2024-03-15
1209,6256.83,Tecnologia,Sudeste,2024-09-18
1210,10814.00,Tecnologia,Sudeste,2022-01-07
1211,3685.05,Agronegocio,Centro-Oeste,2023-10-23
1212,10036.49,Tecnologia,Centro-Oeste,2023-09-15
1213,10483.40,Industria,Nordeste,2023-05-12
1214,6768.37,Agronegocio,Sudeste,2022-09-03
1215,3452.73,Agronegocio,Norte,2022-04-20
1216,6512.52,Industria,Sul,2024-06-14
1217,11140.15,Tecnologia,Norte,2022-05-10
1218,6225.49,Tecnologia,Norte,2022-01-23
1219,641.27,Servicos,Centro-Oeste,2023-04-02
1220,6025.79,Industria,Norte,2023-11-18
1221,3324.10,Agronegocio,Nordeste,2023-09-26
1222,730.18,Varejo,Sudeste,2022-05-18
1223,14600.15,Industria,Centro-Oeste,2023-11-04
1224,526.17,Varejo,Nordeste,2023-08-25
1225,694.39,Varejo,Sudeste,2023-12-14
1226,543.08,Varejo,Sul,2023-09-26
1227,5475.80,Agronegocio,Norte,2024-03-05
1228,897.79,Servicos,Sudeste,2022-02-03
1229,3704.73,Tecnologia,Centro-Oeste,2024-10-19
1230,8423.59,Industria,Sul,2023-11-06
1231,5140.43,Agronegocio,Sudeste,2024-05-12
1232,11768.08,Tecnologia,Norte,2022-02-13
1233,881.65,Varejo,Sul,2022-08-21
1234,7984.00,Agronegocio,Norte,2022-10-06
1235,4816.79,Agronegocio,Sudeste,2022-07-17
1236,1572.10,Servicos,Sul,2024-04-27
1237,14633.59,Industria,Sul,2023-11-27
1238,9240.16,Industria,Norte,2024-04-03
1239,9285.54,Tecnologia,Sudeste,2023-04-23
1240,2056.77,Servicos,Sul,2023-07-22
1241,4610.52,Tecnologia,Norte,2022-08-10
1242,5037.37,Agronegocio,Sudeste,2023-11-19
1243,7873.20,Agronegocio,Centro-Oeste,2024-07-05
1244,470.76,Varejo,Sudeste,2022-10-09
1245,5785.19,Agronegocio,Centro-Oeste,2023-01-10
1246,826.57,Servicos,Centro-Oeste,2023-06-19
1247,12913.50,Industria,Norte,2022-03-03
1248,5275.42,Agronegocio,Sul,2022-06-17
1249,3194.52,Agronegocio,Sudeste,2022-12-16
1250,392.48,Varejo,Norte,2024-10-03
1251,6512.24,Industria,Nordeste,2024-10-26
1252,610.88,Varejo,Sul,2024-07-10
1253,946.32,Varejo,Sudeste,2023-06-27
1254,2071.31,Agronegocio,Sul,2023-10-25
1255,10658.20,Tecnologia,Centro-Oeste,2022-04-02
1256,927.50,Varejo,Sul,2022-11-16
1257,4570.64,Agronegocio,Nordeste,2023-02-19
1258,7429.37,Agronegocio,Sudeste,2024-10-10
1259,13364.25,Industria,Centro-Oeste,2022-12-25
1260,7302.70,Industria,Centro-Oeste,2022-09-25
1261,7486.08,Agronegocio,Centro-Oeste,2023-09-23
1262,10351.48,Industria,Sul,2022-09-23
1263,764.44,Servicos,Nordeste,2024-09-12
1264,15715.98,Industria,Sul,2022-06-12
1265,4005.59,Tecnologia,Sudeste,2022-08-13
1266,8421.33,Tecnologia,Nordeste,2023-06-04
1267,9803.83,Industria,Nordeste,2022-10-06
1268,2312.31,Servicos,Nordeste,2022-04-20
1269,4280.97,Agronegocio,Centro-Oeste,2022-03-18
1270,12125.26,Industria,Centro-Oeste,2023-12-02
1271,15634.63,Industria,Norte,2024-07-02
1272,1875.52,Servicos,Centro-Oeste,2024-08-23
1273,9993.08,Tecnologia,Sul,2023-10-10
1274,1985.16,Servicos,Norte,2023-04-03
1275,1123.84,Servicos,Sul,2022-03-13
1276,2368.31,Servicos,Sul,2022-10-16
1277,7610.40,Agronegocio,Centro-Oeste,2024-06-02
1278,1695.85,Servicos,Norte,2022-01-08
1279,2204.10,Servicos,Norte,2024-11-12
1280,828.11,Varejo,Sul,2024-10-06
1281,912.64,Varejo,Centro-Oeste,2022-05-28
1282,8432.58,Industria,Nordeste,2024-12-14
1283,15643.05,Industria,Centro-Oeste,2023-03-16
1284,11962.96,Industria,Norte,2022-12-24
1285,5325.91,Agronegocio,Sul,2023-12-23
1286,2106.82,Servicos,Sul,2023-07-25
1287,3848.41,Agronegocio,Norte,2023-06-10
1288,3740.82,Tecnologia,Centro-Oeste,2024-05-06
1289,7332.88,Agronegocio,Sul,2023-08-09
1290,537.18,Varejo,Sudeste,2022-04-13
1291,454.31,Varejo,Sudeste,2024-01-02
1292,905.74,Varejo,Nordeste,2023-09-22
1293,10057.16,Industria,Centro-Oeste,2022-06-16
1294,6310.94,Industria,Norte,2024-06-26
1295,688.85,Servicos,Nordeste,2023-08-07
1296,7357.74,Tecnologia,Sul,2023-07-03
1297,3309.42,Tecnologia,Nordeste,2024-05-28
1298,7801.52,Industria,Centro-Oeste,2022-03-02
1299,5662.44,Agronegocio,Norte,2024-03-10
1300,8123.39,Tecnologia,Norte,2022-01-03
1301,506.98,Varejo,Sudeste,2022-02-11
1302,3091.43,Agronegocio,Centro-Oeste,2024-11-14
1303,5508.78,Agronegocio,Sul,2022-06-10
1304,6791.76,Tecnologia,Centro-Oeste,2024-11-17
1305,748.29,Varejo,Norte,2024-12-15
1306,8138.92,Industria,Sul,2023-09-21
1307,11949.60,Tecnologia,Nordeste,2023-07-16
1308,3281.13,Tecnologia,Sudeste,2022-06-05
1309,3789.73,Tecnologia,Norte,2022-01-23
1310,11471.00,Industria,Sudeste,2024-11-22
1311,4042.11,Tecnologia,Centro-Oeste,2023-01-02
1312,11832.04,Tecnologia,Nordeste,2024-08-16
1313,708.34,Varejo,Sudeste,2022-01-25
1314,611.69,Varejo,Nordeste,2022-02-28
1315,1745.04,Servicos,Sudeste,2022-10-21
1316,867.44,Servicos,Centro-Oeste,2024-06-20
1317,1108.33,Servicos,Sudeste,2023-06-14
1318,2345.62,Servicos,Norte,2024-07-04
1319,3056.56,Tecnologia,Sul,2022-05-19
1320,740.42,Servicos,Sudeste,2024-01-24
1321,708.77,Varejo,Norte,2024-01-21
1322,931.02,Servicos,Nordeste,2023-11-09
1323,9323.40,Industria,Centro-Oeste,2024-04-28
1324,4151.97,Tecnologia,Nordeste,2023-05-07
1325,5748.05,Tecnologia,Norte,2023-10-08
1326,4898.99,Tecnologia,Sudeste,2023-04-16
1327,15203.81,Industria,Norte,2023-10-08
1328,7178.73,Tecnologia,Sudeste,2022-02-14
1329,2395.94,Agronegocio,Centro-Oeste,2024-10-24
1330,11690.01,Tecnologia,Centro-Oeste,2022-02-02
1331,7697.47,Tecnologia,Sudeste,2023-06-19
1332,956.45,Varejo,Nordeste,2023-01-01
1333,1955.12,Servicos,Nordeste,2023-07-01
1334,1029.57,Servicos,Sul,2022-11-03
1335,3254.83,Agronegocio,Nordeste,2022-06-17
1336,14688.84,Industria,Norte,2024-12-16
1337,2025.98,Servicos,Norte,2024-01-02
1338,8089.05,Industria,Sul,2023-11-09
1339,4276.02,Industria,Norte,2024-07-25
1340,778.71,Servicos,Norte,2022-11-08
1341,910.86,Varejo,Sudeste,2024-08-21
1342,2291.69,Servicos,Sul,2022-02-02
1343,12805.66,Industria,Nordeste,2022-03-15
1344,4197.30,Tecnologia,Sul,2022-08-01
1345,5664.90,Agronegocio,Sul,2024-12-04
1346,4851.94,Agronegocio,Sudeste,2023-01-20
1347,9151.46,Tecnologia,Norte,2024-07-22
1348,10282.21,Industria,Nordeste,2023-12-03
1349,12691.20,Industria,Sul,2022-12-16
1350,5552.54,Industria,Sul,2023-02-07
1351,11136.27,Industria,Nordeste,2024-09-16
1352,262.74,Varejo,Centro-Oeste,2022-06-28
1353,4978.53,Industria,Sul,2024-10-24
1354,11246.67,Industria,Nordeste,2024-02-18
1355,1489.05,Servicos,Nordeste,2023-04-16
1356,1423.56,Servicos,Sul,2022-02-13
1357,9625.38,Industria,Centro-Oeste,2024-08-05
1358,703.35,Varejo,Nordeste,2024-05-08
1359,7544.32,Industria,Nordeste,2024-03-14
1360,6253.56,Agronegocio,Sul,2022-05-07
1361,2050.66,Servicos,Centro-Oeste,2022-08-25
1362,299.45,Varejo,Centro-Oeste,2022-10-08
1363,714.30,Varejo,Nordeste,2022-01-01
1364,12742.01,Industria,Nordeste,2022-10-25
1365,4309.33,Agronegocio,Sul,2024-08-12
1366,9265.21,Tecnologia,Sul,2022-07-11
1367,363.77,Varejo,Sul,2024-09-20
1368,1269.17,Servicos,Norte,2022-03-24
1369,5577.47,Tecnologia,Nordeste,2023-12-13
1370,3515.11,Tecnologia,Norte,2023-04-18
1371,947.36,Servicos,Norte,2022-05-13
1372,2341.51,Servicos,Sul,2024-02-27
1373,8475.19,Tecnologia,Norte,2022-09-11
1374,7223.89,Agronegocio,Sul,2023-12-18
1375,15118.90,Industria,Nordeste,2022-06-22
1376,617.39,Varejo,Sudeste,2022-12-06
1377,13598.71,Industria,Sudeste,2024-01-27
1378,954.61,Varejo,Sul,2024-12-19
1379,1454.84,Servicos,Nordeste,2023-07-21
1380,3066.28,Agronegocio,Sudeste,2024-07-11
1381,481.22,Varejo,Sudeste,2022-08-11
1382,8117.92,Tecnologia,Sul,2022-05-11
1383,15881.98,Industria,Norte,2022-10-23
1384,8379.06,Tecnologia,Centro-Oeste,2024-04-05
1385,2316.04,Agronegocio,Norte,2024-01-14
1386,4030.36,Agronegocio,Norte,2022-11-26
1387,8612.35,Tecnologia,Nordeste,2023-06-06
1388,4876.44,Agronegocio,Sudeste,2024-06-10
1389,5597.94,Industria,Nordeste,2023-01-18
1390,474.35,Varejo,Nordeste,2024-09-19
1391,11530.45,Tecnologia,Sudeste,2024-09-19
1392,12077.69,Industria,Sudeste,2024-08-26
1393,1314.19,Servicos,Nordeste,2022-03-27
1394,559.14,Varejo,Nordeste,2023-11-07
1395,586.52,Varejo,Nordeste,2022-01-17
1396,11459.81,Tecnologia,Centro-Oeste,2023-12-16
1397,10431.92,Tecnologia,Sudeste,2022-05-11
1398,13470.88,Industria,Nordeste,2024-06-23
1399,4056.03,Tecnologia,Sudeste,2023-02-10
1400,9214.09,Industria,Norte,2022-06-14
1401,666.61,Varejo,Nordeste,2023-10-13
1402,4124.99,Tecnologia,Sul,2024-06-09
1403,1271.74,Servicos,Nordeste,2024-12-28
1404,6305.42,Agronegocio,Norte,2022-11-16
1405,10583.81,Tecnologia,Sul,2023-12-13
1406,8933.61,Industria,Nordeste,2024-06-09
1407,12129.71,Industria,Nordeste,2024-05-12
1408,656.45,Varejo,Sudeste,2024-12-09
1409,7782.11,Industria,Centro-Oeste,2024-11-28
1410,4289.72,Agronegocio,Norte,2024-04-27
1411,10645.72,Tecnologia,Sudeste,2023-03-19
1412,5545.87,Agronegocio,Centro-Oeste,2024-01-03
1413,1462.92,Servicos,Nordeste,2024-11-13
1414,8536.00,Industria,Norte,2023-09-02
1415,11185.37,Industria,Sudeste,2022-08-08
1416,557.46,Varejo,Sudeste,2022-04-07
1417,11399.57,Industria,Nordeste,2022-10-15
1418,770.01,Servicos,Sudeste,2022-01-03
1419,13794.05,Industria,Norte,2023-08-01
1420,7637.21,Tecnologia,Sudeste,2024-03-25
1421,476.12,Varejo,Centro-Oeste,2022-06-14
1422,12813.20,Industria,Nordeste,2024-08-15
1423,4637.75,Tecnologia,Norte,2023-08-23
1424,7406.76,Tecnologia,Nordeste,2022-11-19
1425,259.97,Varejo,Norte,2024-08-19
1426,5761.41,Agronegocio,Sul,2023-02-18
1427,367.01,Varejo,Centro-Oeste,2023-12-17
1428,9466.25,Tecnologia,Centro-Oeste,2022-01-20
1429,373.08,Varejo,Centro-Oeste,2023-06-22
1430,8200.98,Tecnologia,Sudeste,2022-07-20
1431,292.27,Varejo,Centro-Oeste,2022-08-09
1432,8830.21,Industria,Sudeste,2022-08-16
1433,4404.84,Tecnologia,Sul,2022-02-25
1434,7523.52,Agronegocio,Nordeste,2023-04-18
1435,9856.65,Industria,Sudeste,2022-08-22
1436,5950.00,Agronegocio,Centro-Oeste,2024-11-27
1437,5672.47,Agronegocio,Sudeste,2022-05-12
1438,8710.86,Industria,Centro-Oeste,2024-02-26
1439,2015.91,Servicos,Centro-Oeste,2023-07-01
1440,4268.55,Industria,Sul,2022-03-23
1441,3501.03,Tecnologia,Sul,2022-09-13
1442,4824.34,Agronegocio,Norte,2024-05-15
1443,6588.75,Agronegocio,Nordeste,2023-05-09
1444,6225.75,Agronegocio,Sul,2023-06-09
1445,1324.89,Servicos,Centro-Oeste,2024-06-23
1446,8839.52,Tecnologia,Centro-Oeste,2023-10-15
1447,1212.62,Servicos,Norte,2023-01-24
1448,264.85,Varejo,Centro-Oeste,2023-06-16
1449,2193.38,Servicos,Centro-Oeste,2024-05-01
1450,9269.47,Industria,Sudeste,2022-10-18
1451,9248.08,Industria,Sul,2022-01-12
1452,15249.66,Industria,Sudeste,2023-09-25
1453,10551.87,Tecnologia,Sul,2023-09-03
1454,10897.49,Industria,Sudeste,2024-11-17
1455,7089.02,Tecnologia,Centro-Oeste,2024-01-12
1456,8345.65,Industria,Nordeste,2022-06-09
1457,15994.91,Industria,Norte,2022-10-24
1458,6575.54,Tecnologia,Norte,2024-10-27
1459,4213.85,Agronegocio,Sudeste,2024-06-21
1460,3372.50,Agronegocio,Sul,2024-08-08
1461,754.02,Varejo,Nordeste,2024-08-21
1462,6653.98,Agronegocio,Sudeste,2022-07-09
1463,8678.88,Tecnologia,Nordeste,2024-12-23
1464,2762.94,Agronegocio,Nordeste,2024-03-09
1465,1514.44,Servicos,Sul,2022-02-02
1466,870.47,Servicos,Centro-Oeste,2023-10-07
1467,12966.47,Industria,Sudeste,2024-08-20
1468,4085.47,Industria,Sul,2024-09-17
1469,633.75,Varejo,Norte,2024-08-07
1470,6516.68,Agronegocio,Nordeste,2022-04-06
1471,7219.75,Industria,Sudeste,2023-08-13
1472,524.16,Varejo,Centro-Oeste,2022-06-11
1473,5475.47,Agronegocio,Sul,2022-04-02
1474,937.14,Varejo,Norte,2022-01-19
1475,14008.23,Industria,Sudeste,2023-10-20
1476,7313.78,Industria,Nordeste,2023-05-07
1477,1323.99,Servicos,Centro-Oeste,2024-05-06
1478,5278.65,Agronegocio,Centro-Oeste,2022-08-15
1479,14122.37,Industria,Sul,2023-07-14
1480,7305.63,Agronegocio,Nordeste,2022-04-06
1481,327.57,Varejo,Centro-Oeste,2024-12-15
1482,12209.75,Industria,Norte,2022-12-10
1483,433.98,Varejo,Centro-Oeste,2024-06-13
1484,15694.44,Industria,Centro-Oeste,2022-12-07
1485,636.47,Varejo,Centro-Oeste,2022-10-06
1486,1144.19,Servicos,Norte,2022-06-27
1487,6108.85,Industria,Centro-Oeste,2024-09-28
1488,10061.20,Tecnologia,Centro-Oeste,2022-11-26
1489,2381.30,Servicos,Nordeste,2024-12-10
1490,1798.22,Servicos,Norte,2022-08-18
1491,5276.42,Agronegocio,Sudeste,2024-01-28
1492,8395.85,Industria,Sul,2023-02-06
1493,1655.01,Servicos,Sul,2024-03-06
1494,5267.61,Tecnologia,Nordeste,2022-10-16
1495,11950.51,Industria,Norte,2022-09-05
1496,962.72,Varejo,Norte,2022-12-04
1497,858.22,Varejo,Norte,2022-07-20
1498,316.82,Varejo,Centro-Oeste,2022-11-15
1499,6725.93,Agronegocio,Nordeste,2023-07-26
1500,9292.46,Tecnologia,Sul,2023-01-05
1501,274.64,Varejo,Nordeste,2023-12-27
1502,717.85,Varejo,Sudeste,2024-05-15
1503,9255.56,Tecnologia,Sul,2024-05-25
1504,948.08,Servicos,Sudeste,2023-01-16
1505,2133.51,Servicos,Sudeste,2024-02-02
1506,13354.49,Industria,Sudeste,2022-09-19
1507,1166.05,Servicos,Centro-Oeste,2022-08-14
1508,4756.85,Tecnologia,Centro-Oeste,2022-03-25
1509,868.25,Varejo,Nordeste,2024-06-05
1510,1091.36,Servicos,Sudeste,2022-11-14
1511,919.98,Varejo,Sul,2022-03-08
1512,1923.23,Servicos,Nordeste,2023-01-16
1513,5687.99,Agronegocio,Sul,2024-08-19
1514,979.01,Varejo,Sudeste,2024-03-24
1515,1522.12,Servicos,Centro-Oeste,2024-09-19
1516,4818.34,Tecnologia,Sudeste,2024-09-28
1517,5891.94,Agronegocio,Centro-Oeste,2024-07-08
1518,3777.97,Agronegocio,Sul,2022-04-04
1519,255.57,Varejo,Sudeste,2023-05-14
1520,6615.89,Agronegocio,Nordeste,2023-09-14
1521,335.81,Varejo,Sudeste,2022-03-25
1522,7854.91,Tecnologia,Sudeste,2023-07-16
1523,5093.89,Agronegocio,Norte,2024-10-04
1524,1644.80,Servicos,Norte,2022-09-24
1525,731.52,Varejo,Sul,2022-07-19
1526,6225.98,Tecnologia,Sudeste,2024-08-28
1527,6276.25,Tecnologia,Norte,2022-07-14
1528,2273.15,Servicos,Nordeste,2022-07-26
1529,989.50,Servicos,Norte,2024-01-17
1530,1065.08,Servicos,Sul,2023-04-06
1531,7914.76,Industria,Sudeste,2023-06-05
1532,11715.53,Tecnologia,Nordeste,2022-09-27
1533,920.68,Servicos,Centro-Oeste,2023-04-13
1534,905.75,Servicos,Sul,2023-03-05
1535,8106.13,Tecnologia,Sudeste,2022-06-08
1536,6342.47,Agronegocio,Nordeste,2022-04-26
1537,6333.92,Industria,Nordeste,2022-11-11
1538,909.27,Varejo,Centro-Oeste,2023-05-12
1539,4258.59,Tecnologia,Nordeste,2024-06-14
1540,6879.73,Agronegocio,Centro-Oeste,2022-10-22
1541,1367.62,Servicos,Nordeste,2023-01-12
1542,7876.57,Agronegocio,Sudeste,2024-01-07
1543,4932.54,Industria,Sul,2024-09-01
1544,7628.42,Tecnologia,Sul,2024-08-19
1545,5244.51,Tecnologia,Centro-Oeste,2022-07-04
1546,6536.86,Industria,Centro-Oeste,2023-09-17
1547,743.54,Varejo,Nordeste,2022-06-22
1548,9260.79,Industria,Sul,2024-09-02
1549,6471.33,Industria,Nordeste,2024-03-25
1550,12446.45,Industria,Sudeste,2023-07-18
1551,629.48,Varejo,Centro-Oeste,2023-11-18
1552,3849.78,Tecnologia,Centro-Oeste,2022-04-06
1553,1406.64,Servicos,Sudeste,2024-03-03
1554,3615.06,Agronegocio,Nordeste,2022-06-10
1555,7595.46,Agronegocio,Sul,2024-01-11
1556,2246.14,Servicos,Sul,2024-09-27
1557,4930.13,Tecnologia,Sul,2023-04-06
1558,5389.08,Agronegocio,Nordeste,2022-04-25
1559,967.95,Varejo,Sul,2022-07-16
1560,7745.72,Industria,Norte,2024-07-08
1561,7218.98,Tecnologia,Centro-Oeste,2022-12-03
1562,15853.06,Industria,Norte,2024-07-01
1563,1035.96,Servicos,Centro-Oeste,2024-07-22
1564,438.91,Varejo,Nordeste,2024-09-08
1565,9206.79,Tecnologia,Norte,2023-12-16
1566,866.40,Servicos,Centro-Oeste,2024-08-12
1567,15049.97,Industria,Sudeste,2024-06-01
1568,7369.34,Tecnologia,Centro-Oeste,2022-06-08
1569,938.59,Varejo,Norte,2024-06-08
1570,589.48,Varejo,Nordeste,2022-09-18
1571,9859.33,Tecnologia,Sul,2022-09-18
1572,3498.48,Agronegocio,Sul,2023-03-03
1573,7835.02,Tecnologia,Sul,2022-09-04
1574,891.61,Servicos,Centro-Oeste,2023-01-07
1575,273.84,Varejo,Nordeste,2023-02-16
1576,6164.51,Agronegocio,Norte,2022-01-23
1577,4095.91,Agronegocio,Sudeste,2024-12-22
1578,861.35,Varejo,Centro-Oeste,2024-02-11
1579,393.07,Varejo,Nordeste,2023-12-08
1580,372.96,Varejo,Sudeste,2023-02-16
1581,10947.13,Tecnologia,Nordeste,2024-09-22
1582,5464.61,Agronegocio,Nordeste,2023-01-07
1583,601.52,Varejo,Norte,2023-12-25
1584,11167.82,Tecnologia,Sudeste,2023-01-10
1585,5218.75,Agronegocio,Centro-Oeste,2023-07-01
1586,14627.22,Industria,Centro-Oeste,2024-09-16
1587,12287.64,Industria,Nordeste,2023-11-23
1588,1389.71,Servicos,Centro-Oeste,2024-11-27
1589,2924.15,Agronegocio,Sudeste,2024-12-08
1590,1436.92,Servicos,Norte,2023-11-26
1591,13192.83,Industria,Sudeste,2024-08-19
1592,929.68,Servicos,Sudeste,2022-03-05
1593,1302.16,Servicos,Sudeste,2024-09-08
1594,15116.10,Industria,Sudeste,2024-08-13
1595,10140.99,Industria,Sudeste,2022-12-16
1596,490.48,Varejo,Sudeste,2022-06-24
1597,2383.12,Servicos,Nordeste,2022-09-09
1598,3331.58,Tecnologia,Centro-Oeste,2023-05-04
1599,1998.44,Servicos,Nordeste,2022-09-14
1600,742.75,Varejo,Norte,2023-09-17
1601,2390.88,Agronegocio,Norte,2023-03-10
1602,563.84,Varejo,Sul,2024-04-06
1603,8600.28,Tecnologia,Norte,2024-04-19
1604,5667.17,Agronegocio,Sul,2023-11-13
1605,7686.38,Tecnologia,Centro-Oeste,2024-01-04
1606,7052.03,Industria,Sudeste,2023-06-20
1607,7322.51,Agronegocio,Norte,2022-12-16
1608,2138.62,Servicos,Centro-Oeste,2023-09-24
1609,1254.31,Servicos,Norte,2024-04-01
1610,9973.72,Industria,Sudeste,2023-03-10
1611,2357.15,Servicos,Sul,2022-10-18
1612,989.03,Varejo,Centro-Oeste,2024-03-19
1613,448.79,Varejo,Norte,2024-04-14
1614,8409.05,Industria,Sul,2023-02-19
1615,6152.78,Tecnologia,Sul,2023-03-14
1616,8621.72,Industria,Nordeste,2022-10-02
1617,6229.90,Agronegocio,Nordeste,2022-10-06
1618,2172.79,Servicos,Centro-Oeste,2022-01-03
1619,4884.15,Industria,Nordeste,2022-08-20
1620,2680.43,Agronegocio,Sul,2022-05-24
1621,11674.78,Tecnologia,Nordeste,2024-12-04
1622,11763.90,Tecnologia,Sudeste,2024-07-01
1623,2360.04,Servicos,Sul,2024-04-04
1624,2197.47,Agronegocio,Norte,2022-11-08
1625,933.30,Varejo,Sul,2022-02-03
1626,1682.10,Servicos,Centro-Oeste,2022-02-24
1627,7272.84,Industria,Nordeste,2024-05-12
1628,7713.95,Industria,Sudeste,2024-01-06
1629,3916.49,Agronegocio,Nordeste,2024-01-06
1630,14056.20,Industria,Nordeste,2023-12-08
1631,1209.88,Servicos,Centro-Oeste,2024-03-18
1632,4778.21,Agronegocio,Sudeste,2023-06-23
1633,745.97,Servicos,Sudeste,2023-09-26
1634,7019.00,Agronegocio,Nordeste,2022-12-01
1635,1699.18,Servicos,Norte,2023-02-22
1636,5053.66,Industria,Nordeste,2023-04-02
1637,8817.24,Tecnologia,Sudeste,2023-07-24
1638,3819.82,Agronegocio,Nordeste,2023-08-28
1639,4405.73,Agronegocio,Centro-Oeste,2022-01-17
1640,4616.98,Agronegocio,Sudeste,2022-04-10
1641,6901.51,Agronegocio,Nordeste,2024-10-15
1642,1254.96,Servicos,Sul,2022-01-16
1643,5327.45,Tecnologia,Centro-Oeste,2022-11-04
1644,531.71,Varejo,Sul,2023-07-06
1645,6977.00,Agronegocio,Sul,2022-08-24
1646,3600.37,Agronegocio,Norte,2022-09-26
1647,4377.82,Agronegocio,Sudeste,2023-09-10
1648,3124.24,Agronegocio,Nordeste,2024-07-17
1649,664.45,Servicos,Norte,2023-10-20
1650,1493.79,Servicos,Nordeste,2024-12-11
1651,451.40,Varejo,Sul,2022-12-27
1652,8192.81,Industria,Sul,2023-07-01
1653,1526.77,Servicos,Sudeste,2024-05-27
1654,4266.58,Tecnologia,Norte,2024-10-04
1655,2241.35,Servicos,Norte,2023-08-13
1656,1934.74,Servicos,Sudeste,2024-03-13
1657,4870.05,Tecnologia,Norte,2023-06-16
1658,1008.74,Servicos,Norte,2024-06-08
1659,689.09,Varejo,Norte,2024-03-10
1660,948.07,Varejo,Norte,2024-08-27
1661,9055.53,Tecnologia,Centro-Oeste,2022-02-16
1662,3143.55,Agronegocio,Nordeste,2023-06-16
1663,2355.98,Servicos,Sudeste,2023-05-02
1664,1548.94,Servicos,Norte,2022-06-25
1665,9070.45,Tecnologia,Sul,2024-01-28
1666,489.76,Varejo,Sudeste,2023-05-01
1667,9089.38,Tecnologia,Nordeste,2023-03-07
1668,6514.84,Agronegocio,Sudeste,2022-11-19
1669,595.52,Varejo,Norte,2023-11-26
1670,6114.57,Tecnologia,Centro-Oeste,2024-06-21
1671,11364.99,Industria,Sul,2022-12-06
1672,942.03,Varejo,Nordeste,2024-04-06
1673,840.10,Servicos,Sul,2022-10-11
1674,790.46,Varejo,Norte,2022-02-13
1675,5184.37,Tecnologia,Sul,2023-09-08
1676,456.76,Varejo,Norte,2024-09-08
1677,518.11,Varejo,Centro-Oeste,2024-02-12
1678,677.11,Varejo,Sul,2023-05-11
1679,6960.44,Tecnologia,Sul,2024-08-28
1680,11761.40,Industria,Norte,2024-06-08
1681,619.74,Servicos,Centro-Oeste,2023-01-21
1682,11922.69,Industria,Nordeste,2022-12-27
1683,1943.65,Servicos,Norte,2022-05-26
1684,1276.82,Servicos,Centro-Oeste,2024-03-20
1685,11662.01,Industria,Norte,2024-09-20
1686,603.59,Varejo,Sudeste,2023-10-06
1687,8337.07,Industria,Centro-Oeste,2024-05-14
1688,10763.99,Tecnologia,Nordeste,2022-01-11
1689,10632.30,Tecnologia,Centro-Oeste,2022-04-22
1690,14051.36,Industria,Sudeste,2023-03-15
1691,15075.46,Industria,Nordeste,2022-10-06
1692,5191.74,Industria,Sul,2022-12-18
1693,5311.21,Agronegocio,Norte,2022-08-15
1694,10495.55,Tecnologia,Sul,2023-08-04
1695,12777.60,Industria,Sudeste,2023-06-18
1696,1479.88,Servicos,Sudeste,2023-08-10
1697,4075.01,Tecnologia,Centro-Oeste,2024-09-12
1698,1364.65,Servicos,Norte,2023-06-11
1699,7469.24,Tecnologia,Centro-Oeste,2023-05-06
1700,2223.31,Servicos,Sul,2022-07-05
1701,8233.73,Industria,Sul,2023-02-10
1702,15443.79,Industria,Norte,2022-06-04
1703,646.37,Servicos,Norte,2023-05-23
1704,5527.09,Agronegocio,Centro-Oeste,2022-05-12
1705,977.65,Varejo,Sudeste,2024-10-27
1706,7917.64,Tecnologia,Sudeste,2024-01-27
1707,7098.52,Industria,Centro-Oeste,2022-02-27
1708,671.22,Servicos,Sudeste,2022-05-10
1709,1786.74,Servicos,Sudeste,2022-02-23
1710,10562.14,Tecnologia,Nordeste,2024-01-15
1711,998.88,Varejo,Sul,2024-07-08
1712,1815.19,Servicos,Centro-Oeste,2024-01-16
1713,1675.16,Servicos,Norte,2023-03-25
1714,9252.43,Tecnologia,Sul,2024-05-27
1715,2055.65,Servicos,Norte,2022-12-20
1716,4957.53,Agronegocio,Norte,2023-02-11
1717,1651.72,Servicos,Centro-Oeste,2022-02-19
1718,4828.11,Agronegocio,Sudeste,2022-01-05
1719,12233.09,Industria,Centro-Oeste,2023-02-11
1720,8755.93,Tecnologia,Centro-Oeste,2022-04-19
1721,5322.80,Tecnologia,Centro-Oeste,2023-01-28
1722,480.13,Varejo,Centro-Oeste,2022-06-27
1723,732.85,Servicos,Centro-Oeste,2023-03-15
1724,13602.82,Industria,Sul,2023-05-15
1725,3424.77,Agronegocio,Norte,2024-02-18
1726,7759.32,Agronegocio,Sudeste,2023-08-05
1727,11465.98,Tecnologia,Sul,2022-05-11
1728,830.45,Servicos,Centro-Oeste,2022-01-19
1729,1347.14,Servicos,Norte,2022-10-23
1730,7835.00,Agronegocio,Sul,2022-09-17
1731,7967.41,Agronegocio,Sudeste,2022-12-17
1732,2395.36,Servicos,Nordeste,2022-06-10
1733,13677.55,Industria,Centro-Oeste,2024-04-10
1734,4790.81,Industria,Nordeste,2024-02-18
1735,5626.19,Agronegocio,Sul,2023-05-26
1736,3201.34,Tecnologia,Norte,2024-02-18
1737,4350.74,Tecnologia,Centro-Oeste,2024-02-08
1738,6086.12,Industria,Nordeste,2022-02-12
1739,6583.97,Agronegocio,Centro-Oeste,2024-10-12
1740,7118.24,Tecnologia,Sudeste,2022-01-09
1741,1641.96,Servicos,Centro-Oeste,2023-07-26
1742,4600.82,Tecnologia,Norte,2023-05-02
1743,7458.43,Agronegocio,Centro-Oeste,2022-09-20
1744,4088.86,Agronegocio,Sudeste,2023-12-13
1745,4057.98,Agronegocio,Norte,2022-08-03
1746,2153.21,Servicos,Norte,2023-11-25
1747,9497.72,Tecnologia,Sudeste,2023-01-21
1748,8613.44,Industria,Sudeste,2024-07-21
1749,10544.88,Tecnologia,Sul,2024-02-04
1750,884.72,Servicos,Nordeste,2022-10-07
1751,1335.57,Servicos,Sul,2024-03-08
1752,763.63,Varejo,Sudeste,2024-10-07
1753,4441.14,Agronegocio,Nordeste,2024-09-19
1754,655.64,Varejo,Nordeste,2023-03-08
1755,619.67,Varejo,Centro-Oeste,2024-08-19
1756,889.90,Varejo,Sudeste,2022-02-10
1757,836.92,Varejo,Norte,2022-07-08
1758,1110.06,Servicos,Sudeste,2023-08-07
1759,6442.80,Agronegocio,Sudeste,2024-12-22
1760,869.09,Servicos,Norte,2024-05-26
1761,5738.59,Industria,Nordeste,2024-10-17
1762,292.45,Varejo,Centro-Oeste,2022-01-09
1763,952.90,Varejo,Sul,2023-07-01
1764,7636.62,Tecnologia,Sul,2024-05-05
1765,11432.52,Industria,Sudeste,2022-05-16
1766,705.23,Varejo,Centro-Oeste,2022-05-26
1767,4788.99,Agronegocio,Norte,2024-02-07
1768,431.11,Varejo,Centro-Oeste,2024-12-05
1769,5172.76,Industria,Nordeste,2024-06-23
1770,10914.21,Tecnologia,Norte,2022-11-19
1771,684.42,Servicos,Nordeste,2023-11-09
1772,7871.94,Agronegocio,Nordeste,2023-01-09
1773,7946.57,Tecnologia,Sudeste,2024-03-24
1774,1425.59,Servicos,Nordeste,2023-02-16
1775,13306.94,Industria,Sul,2023-03-08
1776,3218.60,Agronegocio,Norte,2022-12-03
1777,1819.87,Servicos,Sudeste,2024-08-02
1778,4036.75,Industria,Centro-Oeste,2022-01-04
1779,15834.16,Industria,Centro-Oeste,2024-12-16
1780,8454.06,Tecnologia,Sudeste,2022-07-25
1781,11701.41,Tecnologia,Norte,2024-02-12
1782,890.41,Servicos,Sudeste,2024-09-10
1783,3616.30,Tecnologia,Centro-Oeste,2024-02-04
1784,6264.70,Tecnologia,Norte,2023-06-09
1785,14342.59,Industria,Norte,2023-03-14
1786,5067.21,Tecnologia,Nordeste,2024-09-22
1787,9071.98,Industria,Sudeste,2022-09-14
1788,4833.82,Tecnologia,Nordeste,2022-06-10
1789,5252.04,Agronegocio,Norte,2024-03-26
1790,11984.73,Industria,Centro-Oeste,2022-08-04
1791,9601.23,Tecnologia,Norte,2024-09-24
1792,9263.85,Tecnologia,Sul,2024-03-06
1793,1141.61,Servicos,Nordeste,2024-07-23
1794,7147.28,Industria,Nordeste,2022-12-04
1795,423.15,Varejo,Nordeste,2024-07-28
1796,10175.73,Industria,Sul,2024-04-18
1797,10159.28,Industria,Centro-Oeste,2022-08-25
1798,1649.52,Servicos,Centro-Oeste,2023-03-06
1799,275.35,Varejo,Sul,2023-06-14
1800,784.94,Varejo,Centro-Oeste,2023-07-13
1801,335.76,Varejo,Norte,2023-07-23
1802,10547.60,Industria,Nordeste,2023-11-11
1803,812.96,Varejo,Sul,2024-07-07
1804,11813.90,Industria,Nordeste,2022-04-16
1805,952.63,Varejo,Nordeste,2023-11-21
1806,14321.29,Industria,Centro-Oeste,2023-06-13
1807,1443.37,Servicos,Norte,2024-04-05
1808,6708.56,Industria,Norte,2023-04-24
1809,3235.01,Agronegocio,Norte,2022-11-12
1810,9690.76,Tecnologia,Sudeste,2024-11-08
1811,2139.89,Servicos,Centro-Oeste,2023-11-17
1812,6297.40,Tecnologia,Centro-Oeste,2023-01-23
1813,12121.02,Industria,Norte,2023-09-03
1814,11225.45,Tecnologia,Sul,2022-04-05
1815,8796.48,Industria,Norte,2024-08-25
1816,7556.61,Tecnologia,Sudeste,2022-10-03
1817,776.06,Servicos,Nordeste,2023-03-17
1818,1679.53,Servicos,Sudeste,2023-02-01
1819,3725.22,Agronegocio,Nordeste,2024-04-26
1820,9900.35,Tecnologia,Sul,2023-12-22
1821,13779.81,Industria,Sul,2024-06-08
1822,5545.43,Agronegocio,Norte,2024-07-20
1823,1781.84,Servicos,Nordeste,2023-06-14
1824,2576.15,Agronegocio,Sudeste,2022-07-09
1825,8311.38,Tecnologia,Norte,2024-08-15
1826,6242.62,Agronegocio,Sudeste,2024-10-01
1827,11745.23,Industria,Norte,2022-06-01
1828,9119.00,Tecnologia,Centro-Oeste,2024-11-11
1829,3841.89,Agronegocio,Sul,2022-04-17
1830,9466.11,Tecnologia,Nordeste,2022-08-25
1831,853.41,Varejo,Norte,2024-05-27
1832,1898.80,Servicos,Sul,2023-04-04
1833,4602.29,Tecnologia,Norte,2023-09-21
1834,338.81,Varejo,Nordeste,2023-07-03
1835,5949.49,Agronegocio,Centro-Oeste,2022-04-24
1836,1957.16,Servicos,Nordeste,2024-04-03
1837,1958.41,Servicos,Norte,2022-12-14
1838,9645.42,Tecnologia,Centro-Oeste,2023-12-09
1839,548.34,Varejo,Norte,2022-03-15
1840,15407.23,Industria,Norte,2022-10-05
1841,10576.94,Industria,Centro-Oeste,2023-08-12
1842,8765.64,Tecnologia,Nordeste,2024-11-13
1843,950.12,Varejo,Centro-Oeste,2022-05-05
1844,11372.43,Tecnologia,Norte,2023-10-18
1845,3814.84,Agronegocio,Nordeste,2024-02-21
1846,3448.96,Agronegocio,Centro-Oeste,2024-11-23
1847,12925.42,Industria,Sudeste,2023-11-21
1848,317.90,Varejo,Sul,2022-04-24
1849,7063.43,Tecnologia,Sudeste,2023-05-25
1850,7841.30,Agronegocio,Norte,2022-07-21
1851,10612.57,Industria,Norte,2023-09-17
1852,7835.89,Agronegocio,Sudeste,2022-09-11
1853,11788.86,Tecnologia,Sul,2022-04-15
1854,2472.58,Agronegocio,Sul,2024-04-05
1855,867.59,Servicos,Norte,2024-12-06
1856,962.00,Servicos,Norte,2024-07-10
1857,1303.18,Servicos,Centro-Oeste,2024-12-20
1858,1202.11,Servicos,Centro-Oeste,2024-12-15
1859,14861.88,Industria,Sudeste,2022-01-04
1860,7273.81,Industria,Sudeste,2024-12-27
1861,10161.90,Industria,Centro-Oeste,2022-10-03
1862,10661.40,Industria,Centro-Oeste,2023-07-13
1863,1823.42,Servicos,Sudeste,2024-05-21
1864,6324.75,Tecnologia,Norte,2022-11-27
1865,5107.84,Industria,Centro-Oeste,2022-06-04
1866,3249.95,Tecnologia,Norte,2024-07-04
1867,425.83,Varejo,Sul,2024-05-04
1868,4085.82,Agronegocio,Sudeste,2022-03-03
1869,6298.26,Industria,Centro-Oeste,2024-02-02
1870,889.76,Varejo,Norte,2023-07-17
1871,14606.06,Industria,Sul,2023-03-12
1872,1889.52,Servicos,Sul,2022-09-19
1873,10064.68,Tecnologia,Nordeste,2022-09-08
1874,9189.03,Tecnologia,Sul,2024-03-13
1875,856.35,Varejo,Nordeste,2022-03-14
1876,11387.07,Tecnologia,Norte,2022-07-27
1877,1678.47,Servicos,Sul,2023-03-02
1878,3213.83,Agronegocio,Centro-Oeste,2024-06-05
1879,867.16,Varejo,Norte,2022-10-12
1880,7239.96,Tecnologia,Sul,2023-08-07
1881,1397.48,Servicos,Sudeste,2023-02-20
1882,11060.87,Tecnologia,Norte,2022-04-08
1883,6440.43,Tecnologia,Centro-Oeste,2022-08-03
1884,10137.79,Industria,Nordeste,2024-07-01
1885,6770.08,Agronegocio,Nordeste,2024-08-28
1886,6451.02,Tecnologia,Nordeste,2023-12-13
1887,5013.04,Agronegocio,Sul,2024-12-05
1888,6504.47,Agronegocio,Sul,2024-12-28
1889,3598.74,Agronegocio,Sudeste,2023-11-15
1890,775.61,Varejo,Centro-Oeste,2022-01-26
1891,14714.43,Industria,Sul,2024-10-09
1892,11173.54,Industria,Centro-Oeste,2023-07-04
1893,1810.94,Servicos,Sudeste,2022-04-24
1894,10009.29,Tecnologia,Sudeste,2023-05-18
1895,5992.16,Tecnologia,Centro-Oeste,2022-03-22
1896,6711.55,Agronegocio,Nordeste,2024-01-22
1897,5658.57,Agronegocio,Nordeste,2024-09-04
1898,7283.04,Tecnologia,Sudeste,2024-04-11
1899,868.46,Varejo,Sudeste,2024-08-24
1900,1082.34,Servicos,Nordeste,2022-11-18
1901,5532.76,Industria,Sudeste,2023-03-14
1902,5687.58,Agronegocio,Centro-Oeste,2024-01-24
1903,13407.68,Industria,Nordeste,2023-05-01
1904,443.75,Varejo,Norte,2022-11-11
1905,342.07,Varejo,Sudeste,2023-02-10
1906,3696.20,Agronegocio,Centro-Oeste,2022-09-12
1907,999.06,Servicos,Norte,2023-03-11
1908,10769.90,Tecnologia,Norte,2022-06-15
1909,637.72,Varejo,Nordeste,2023-01-05
1910,6078.23,Agronegocio,Sul,2022-05-09
1911,1129.58,Servicos,Nordeste,2022-09-02
1912,6049.68,Agronegocio,Sul,2022-08-12
1913,13025.19,Industria,Sudeste,2024-08-28
1914,1664.54,Servicos,Sudeste,2024-09-12
1915,7401.63,Agronegocio,Norte,2023-07-12
1916,14083.80,Industria,Sudeste,2023-04-10
1917,11871.64,Tecnologia,Nordeste,2024-09-22
1918,679.61,Varejo,Centro-Oeste,2022-08-12
1919,2730.69,Agronegocio,Centro-Oeste,2023-07-23
1920,9251.33,Tecnologia,Sul,2024-02-09
1921,13709.86,Industria,Centro-Oeste,2024-06-08
1922,2353.23,Servicos,Centro-Oeste,2022-11-22
1923,631.20,Servicos,Sudeste,2023-07-27
1924,14146.42,Industria,Nordeste,2022-04-07
1925,5177.86,Agronegocio,Sul,2023-11-05
1926,3666.64,Agronegocio,Sul,2022-01-07
1927,11579.48,Industria,Centro-Oeste,2022-11-10
1928,292.30,Varejo,Sudeste,2022-08-11
1929,10710.68,Tecnologia,Norte,2023-03-24
1930,616.37,Servicos,Sudeste,2024-06-02
1931,259.88,Varejo,Sudeste,2024-06-28
1932,5929.88,Agronegocio,Sul,2022-04-02
1933,4273.59,Agronegocio,Nordeste,2022-12-02
1934,6113.29,Agronegocio,Nordeste,2023-09-16
1935,737.36,Servicos,Sul,2024-03-17
1936,12101.57,Industria,Nordeste,2024-06-20
1937,2022.12,Servicos,Sul,2024-08-22
1938,9778.13,Tecnologia,Norte,2023-06-03
1939,1692.53,Servicos,Nordeste,2024-01-25
1940,835.31,Servicos,Sudeste,2022-04-21
1941,850.17,Varejo,Norte,2024-04-06
1942,2131.68,Servicos,Nordeste,2024-04-07
1943,4541.06,Agronegocio,Norte,2023-10-25
1944,892.19,Varejo,Sudeste,2024-06-15
1945,3716.86,Tecnologia,Sudeste,2022-01-08
1946,9302.91,Tecnologia,Norte,2023-12-16
1947,411.32,Varejo,Sul,2022-07-06
1948,2473.35,Agronegocio,Centro-Oeste,2024-12-07
1949,6852.41,Agronegocio,Sul,2023-12-06
1950,3751.99,Tecnologia,Norte,2024-03-21
1951,4368.59,Tecnologia,Sul,2024-11-18
1952,5331.14,Agronegocio,Sul,2022-05-16
1953,1539.51,Servicos,Sudeste,2023-03-25
1954,2805.54,Agronegocio,Sudeste,2024-12-15
1955,2579.56,Agronegocio,Norte,2024-11-06
1956,540.59,Varejo,Centro-Oeste,2022-12-25
1957,779.96,Varejo,Norte,2024-07-01
1958,3238.91,Tecnologia,Sul,2024-10-16
1959,6834.01,Tecnologia,Sudeste,2023-05-26
1960,6209.19,Industria,Centro-Oeste,2023-06-07
1961,2708.59,Agronegocio,Nordeste,2022-01-26
1962,11901.86,Tecnologia,Sudeste,2023-08-02
1963,6071.10,Agronegocio,Norte,2023-12-02
1964,5983.93,Tecnologia,Sul,2023-10-21
1965,15902.08,Industria,Norte,2023-09-02
1966,8404.56,Tecnologia,Sudeste,2023-08-04
1967,779.49,Varejo,Nordeste,2023-12-28
1968,1453.94,Servicos,Norte,2023-09-04
1969,10433.18,Tecnologia,Nordeste,2024-11-02
1970,7024.40,Tecnologia,Sul,2024-12-17
1971,7544.74,Agronegocio,Sudeste,2024-03-07
1972,2245.68,Servicos,Nordeste,2022-03-24
1973,5904.74,Tecnologia,Nordeste,2023-10-17
1974,5697.82,Agronegocio,Sul,2024-05-26
1975,693.68,Varejo,Norte,2024-10-04
1976,7175.08,Agronegocio,Sul,2024-04-09
1977,579.10,Varejo,Sul,2023-08-02
1978,651.85,Servicos,Nordeste,2022-07-21
1979,1040.92,Servicos,Nordeste,2022-06-01
1980,8089.94,Tecnologia,Sudeste,2024-02-11
1981,618.72,Varejo,Sudeste,2023-11-14
1982,5458.07,Industria,Norte,2024-08-22
1983,3007.11,Tecnologia,Norte,2023-12-20
1984,6230.26,Agronegocio,Sudeste,2024-02-09
1985,6127.79,Tecnologia,Sudeste,2024-01-26
1986,1568.40,Servicos,Nordeste,2024-04-15
1987,986.40,Varejo,Sul,2024-05-15
1988,13629.89,Industria,Sul,2023-04-22
1989,7586.09,Agronegocio,Centro-Oeste,2023-04-18
1990,5113.22,Tecnologia,Centro-Oeste,2024-07-12
1991,3407.23,Tecnologia,Centro-Oeste,2022-09-11
1992,1605.30,Servicos,Nordeste,2023-12-12
1993,8898.13,Tecnologia,Sudeste,2023-09-21
1994,476.00,Varejo,Norte,2023-03-23
1995,348.19,Varejo,Norte,2024-10-10
1996,8922.64,Tecnologia,Centro-Oeste,2022-03-14
1997,2483.81,Agronegocio,Sudeste,2023-03-28
1998,4677.93,Agronegocio,Nordeste,2023-01-15
1999,323.66,Varejo,Nordeste,2024-05-12
2000,7663.13,Agronegocio,Sul,2023-12-23